{
	"credit": "Created with Blockbench [Exported as resourcepack with the \"resourcepack_packager\" plugin]",
	"texture_size": [128, 128],
	"textures": {
		"0": "iavegastables:custom/blocks/blackjack"
	},
	"elements": [
		{
			"from": [-16, 14, 2],
			"to": [32, 15, 16],
			"faces": {
				"north": {"uv": [5.75, 5, 11.75, 5.125], "texture": "#0"},
				"east": {"uv": [0, 7.75, 1.75, 7.875], "texture": "#0"},
				"south": {"uv": [5.75, 5.125, 11.75, 5.25], "texture": "#0"},
				"west": {"uv": [7.75, 1.25, 9.5, 1.375], "texture": "#0"},
				"up": {"uv": [6, 1.75, 0, 0], "texture": "#0"},
				"down": {"uv": [6, 1.75, 0, 3.5], "texture": "#0"}
			}
		},
		{
			"from": [30, 15, 2],
			"to": [32, 16, 16],
			"faces": {
				"north": {"uv": [1.375, 7.875, 1.625, 8], "texture": "#0"},
				"east": {"uv": [7.75, 1.375, 9.5, 1.5], "texture": "#0"},
				"south": {"uv": [8.125, 7.75, 8.375, 7.875], "texture": "#0"},
				"west": {"uv": [7.75, 1.5, 9.5, 1.625], "texture": "#0"},
				"up": {"uv": [3.25, 8.5, 3, 6.75], "texture": "#0"},
				"down": {"uv": [3.5, 6.75, 3.25, 8.5], "texture": "#0"}
			}
		},
		{
			"from": [-14, 15, 14],
			"to": [2, 16, 16],
			"faces": {
				"north": {"uv": [6.75, 4.375, 8.75, 4.5], "texture": "#0"},
				"east": {"uv": [1.875, 8.875, 2.125, 9], "texture": "#0"},
				"south": {"uv": [7.25, 0.875, 9.25, 1], "texture": "#0"},
				"west": {"uv": [2.75, 8.875, 3, 9], "texture": "#0"},
				"up": {"uv": [8.5, 3, 6.5, 2.75], "texture": "#0"},
				"down": {"uv": [8.5, 3, 6.5, 3.25], "texture": "#0"}
			}
		},
		{
			"from": [-5.98954, 15, 3.59792],
			"to": [0.01046, 15.1, 5.59792],
			"rotation": {"angle": 22.5, "axis": "y", "origin": [1.01046, 0, -1.40208]},
			"faces": {
				"north": {"uv": [9, 6.875, 9.75, 6.90625], "texture": "#0"},
				"east": {"uv": [9.25, 0.75, 9.5, 0.78125], "texture": "#0"},
				"south": {"uv": [7, 9, 7.75, 9.03125], "texture": "#0"},
				"west": {"uv": [9.25, 0.875, 9.5, 0.90625], "texture": "#0"},
				"up": {"uv": [2.5, 8, 1.75, 7.75], "texture": "#0"},
				"down": {"uv": [8.5, 1.875, 7.75, 2.125], "texture": "#0"}
			}
		},
		{
			"from": [6.5, 15, -5],
			"to": [9.5, 15.1, 0],
			"faces": {
				"north": {"uv": [6.25, 9.125, 6.625, 9.15625], "texture": "#0"},
				"east": {"uv": [7.75, 9, 8.375, 9.03125], "texture": "#0"},
				"south": {"uv": [6.625, 9.125, 7, 9.15625], "texture": "#0"},
				"west": {"uv": [9, 7.75, 9.625, 7.78125], "texture": "#0"},
				"up": {"uv": [4.375, 7.875, 4, 7.25], "texture": "#0"},
				"down": {"uv": [4.75, 7.25, 4.375, 7.875], "texture": "#0"}
			}
		},
		{
			"from": [17, 15, -10],
			"to": [20, 15.1, -5],
			"rotation": {"angle": -22.5, "axis": "y", "origin": [0, 0, 0]},
			"faces": {
				"north": {"uv": [7, 9.125, 7.375, 9.15625], "texture": "#0"},
				"east": {"uv": [9, 7.875, 9.625, 7.90625], "texture": "#0"},
				"south": {"uv": [9.125, 7, 9.5, 7.03125], "texture": "#0"},
				"west": {"uv": [9, 8, 9.625, 8.03125], "texture": "#0"},
				"up": {"uv": [5.125, 7.875, 4.75, 7.25], "texture": "#0"},
				"down": {"uv": [5.5, 7.25, 5.125, 7.875], "texture": "#0"}
			}
		},
		{
			"from": [24, 15, 6],
			"to": [29, 15.1, 9],
			"faces": {
				"north": {"uv": [8.375, 9, 9, 9.03125], "texture": "#0"},
				"east": {"uv": [7.375, 9.125, 7.75, 9.15625], "texture": "#0"},
				"south": {"uv": [9, 8.875, 9.625, 8.90625], "texture": "#0"},
				"west": {"uv": [7.75, 9.125, 8.125, 9.15625], "texture": "#0"},
				"up": {"uv": [6.125, 7.625, 5.5, 7.25], "texture": "#0"},
				"down": {"uv": [7.875, 6.75, 7.25, 7.125], "texture": "#0"}
			}
		},
		{
			"from": [-5, 15, -4],
			"to": [-2, 15.1, 1],
			"rotation": {"angle": 22.5, "axis": "y", "origin": [0, 0, 0]},
			"faces": {
				"north": {"uv": [8.125, 9.125, 8.5, 9.15625], "texture": "#0"},
				"east": {"uv": [9, 9, 9.625, 9.03125], "texture": "#0"},
				"south": {"uv": [9.125, 8.125, 9.5, 8.15625], "texture": "#0"},
				"west": {"uv": [0, 9.125, 0.625, 9.15625], "texture": "#0"},
				"up": {"uv": [6.5, 8.125, 6.125, 7.5], "texture": "#0"},
				"down": {"uv": [6.875, 7.5, 6.5, 8.125], "texture": "#0"}
			}
		},
		{
			"from": [-13, 15, 6],
			"to": [-8, 15.1, 9],
			"faces": {
				"north": {"uv": [0.625, 9.125, 1.25, 9.15625], "texture": "#0"},
				"east": {"uv": [9.125, 8.25, 9.5, 8.28125], "texture": "#0"},
				"south": {"uv": [1.25, 9.125, 1.875, 9.15625], "texture": "#0"},
				"west": {"uv": [9.125, 8.375, 9.5, 8.40625], "texture": "#0"},
				"up": {"uv": [7.5, 7.875, 6.875, 7.5], "texture": "#0"},
				"down": {"uv": [8.125, 7.5, 7.5, 7.875], "texture": "#0"}
			}
		},
		{
			"from": [3.5, 15, 9],
			"to": [6.5, 16.4, 13],
			"rotation": {"angle": -45, "axis": "y", "origin": [0, 0, 0]},
			"faces": {
				"north": {"uv": [5.25, 8.5, 5.625, 8.6875], "texture": "#0"},
				"east": {"uv": [8.125, 7.5, 8.625, 7.6875], "texture": "#0"},
				"south": {"uv": [8.5, 5.75, 8.875, 5.9375], "texture": "#0"},
				"west": {"uv": [2.25, 8.25, 2.75, 8.4375], "texture": "#0"},
				"up": {"uv": [5.875, 8.125, 5.5, 7.625], "texture": "#0"},
				"down": {"uv": [8.125, 2.125, 7.75, 2.625], "texture": "#0"}
			}
		},
		{
			"from": [4.1, 15, 7.1],
			"to": [5.9, 15.1, 9.4],
			"rotation": {"angle": -45, "axis": "y", "origin": [0, 0, 0]},
			"faces": {
				"north": {"uv": [1.625, 9.25, 1.84375, 9.28125], "texture": "#0"},
				"east": {"uv": [8.5, 9.125, 8.78125, 9.15625], "texture": "#0"},
				"south": {"uv": [9.25, 1.875, 9.46875, 1.90625], "texture": "#0"},
				"west": {"uv": [9.125, 8.5, 9.40625, 8.53125], "texture": "#0"},
				"up": {"uv": [4.34375, 8.90625, 4.125, 8.625], "texture": "#0"},
				"down": {"uv": [4.59375, 8.625, 4.375, 8.90625], "texture": "#0"}
			}
		},
		{
			"from": [4.1, 15.1, 7.3],
			"to": [5.9, 15.2, 9.6],
			"rotation": {"angle": -45, "axis": "y", "origin": [0, 0, 0]},
			"faces": {
				"north": {"uv": [9.25, 2, 9.46875, 2.03125], "texture": "#0"},
				"east": {"uv": [8.875, 9.125, 9.15625, 9.15625], "texture": "#0"},
				"south": {"uv": [9.25, 2.125, 9.46875, 2.15625], "texture": "#0"},
				"west": {"uv": [0, 9.25, 0.28125, 9.28125], "texture": "#0"},
				"up": {"uv": [4.84375, 8.90625, 4.625, 8.625], "texture": "#0"},
				"down": {"uv": [5.09375, 8.625, 4.875, 8.90625], "texture": "#0"}
			}
		},
		{
			"from": [4.1, 15.2, 7.6],
			"to": [5.9, 15.3, 9.9],
			"rotation": {"angle": -45, "axis": "y", "origin": [0, 0, 0]},
			"faces": {
				"north": {"uv": [9.25, 2.25, 9.46875, 2.28125], "texture": "#0"},
				"east": {"uv": [9.25, 0, 9.53125, 0.03125], "texture": "#0"},
				"south": {"uv": [2.375, 9.25, 2.59375, 9.28125], "texture": "#0"},
				"west": {"uv": [9.25, 0.125, 9.53125, 0.15625], "texture": "#0"},
				"up": {"uv": [8.46875, 8.90625, 8.25, 8.625], "texture": "#0"},
				"down": {"uv": [8.71875, 8.625, 8.5, 8.90625], "texture": "#0"}
			}
		},
		{
			"from": [4.1, 15.3, 7.9],
			"to": [5.9, 15.4, 10.2],
			"rotation": {"angle": -45, "axis": "y", "origin": [0, 0, 0]},
			"faces": {
				"north": {"uv": [2.625, 9.25, 2.84375, 9.28125], "texture": "#0"},
				"east": {"uv": [0.375, 9.25, 0.65625, 9.28125], "texture": "#0"},
				"south": {"uv": [2.875, 9.25, 3.09375, 9.28125], "texture": "#0"},
				"west": {"uv": [9.25, 0.5, 9.53125, 0.53125], "texture": "#0"},
				"up": {"uv": [5.34375, 9.03125, 5.125, 8.75], "texture": "#0"},
				"down": {"uv": [5.59375, 8.75, 5.375, 9.03125], "texture": "#0"}
			}
		},
		{
			"from": [4.1, 15.4, 8.2],
			"to": [5.9, 15.5, 10.5],
			"rotation": {"angle": -45, "axis": "y", "origin": [0, 0, 0]},
			"faces": {
				"north": {"uv": [3.125, 9.25, 3.34375, 9.28125], "texture": "#0"},
				"east": {"uv": [9.25, 0.625, 9.53125, 0.65625], "texture": "#0"},
				"south": {"uv": [3.375, 9.25, 3.59375, 9.28125], "texture": "#0"},
				"west": {"uv": [0.75, 9.25, 1.03125, 9.28125], "texture": "#0"},
				"up": {"uv": [6.21875, 9.03125, 6, 8.75], "texture": "#0"},
				"down": {"uv": [8.96875, 6, 8.75, 6.28125], "texture": "#0"}
			}
		},
		{
			"from": [14.83524, 15, -2.59906],
			"to": [20.83524, 15.1, -0.59906],
			"rotation": {"angle": -22.5, "axis": "y", "origin": [-1.16476, 0, -1.59906]},
			"faces": {
				"north": {"uv": [9, 7.125, 9.75, 7.15625], "texture": "#0"},
				"east": {"uv": [9.25, 1, 9.5, 1.03125], "texture": "#0"},
				"south": {"uv": [9, 7.25, 9.75, 7.28125], "texture": "#0"},
				"west": {"uv": [1.125, 9.25, 1.375, 9.28125], "texture": "#0"},
				"up": {"uv": [8.5, 7.375, 7.75, 7.125], "texture": "#0"},
				"down": {"uv": [0.75, 7.875, 0, 8.125], "texture": "#0"}
			}
		},
		{
			"from": [2, 15, 3.6],
			"to": [14, 15.1, 5.6],
			"rotation": {"angle": 0, "axis": "y", "origin": [0, 0, 0.6]},
			"faces": {
				"north": {"uv": [8.875, 5.75, 10.375, 5.78125], "texture": "#0"},
				"east": {"uv": [9.25, 1.125, 9.5, 1.15625], "texture": "#0"},
				"south": {"uv": [8.875, 5.875, 10.375, 5.90625], "texture": "#0"},
				"west": {"uv": [1.375, 9.25, 1.625, 9.28125], "texture": "#0"},
				"up": {"uv": [8.25, 3.75, 6.75, 3.5], "texture": "#0"},
				"down": {"uv": [8.25, 3.75, 6.75, 4], "texture": "#0"}
			}
		},
		{
			"from": [14, 15, 14],
			"to": [30, 16, 16],
			"faces": {
				"north": {"uv": [7.25, 1, 9.25, 1.125], "texture": "#0"},
				"east": {"uv": [6.25, 8.875, 6.5, 9], "texture": "#0"},
				"south": {"uv": [7.25, 1.125, 9.25, 1.25], "texture": "#0"},
				"west": {"uv": [6.5, 8.875, 6.75, 9], "texture": "#0"},
				"up": {"uv": [8.5, 3.5, 6.5, 3.25], "texture": "#0"},
				"down": {"uv": [5.75, 6.5, 3.75, 6.75], "texture": "#0"}
			}
		},
		{
			"from": [10.4, 15, 9],
			"to": [11.4, 16, 14],
			"faces": {
				"north": {"uv": [4.625, 5.375, 4.75, 5.5], "texture": "#0"},
				"east": {"uv": [4, 5.375, 4.625, 5.5], "texture": "#0"},
				"south": {"uv": [1.625, 7.875, 1.75, 8], "texture": "#0"},
				"west": {"uv": [2.375, 8, 3, 8.125], "texture": "#0"},
				"up": {"uv": [2.875, 8.875, 2.75, 8.25], "texture": "#0"},
				"down": {"uv": [3, 8.25, 2.875, 8.875], "texture": "#0"}
			}
		},
		{
			"from": [8.7, 15, 9],
			"to": [10.1, 15.8, 14],
			"faces": {
				"north": {"uv": [2.375, 9.125, 2.5625, 9.21875], "texture": "#0"},
				"east": {"uv": [8.625, 7.5, 9.25, 7.59375], "texture": "#0"},
				"south": {"uv": [9.125, 2.375, 9.3125, 2.46875], "texture": "#0"},
				"west": {"uv": [8.625, 7.625, 9.25, 7.71875], "texture": "#0"},
				"up": {"uv": [6.1875, 8.75, 6, 8.125], "texture": "#0"},
				"down": {"uv": [6.4375, 8.125, 6.25, 8.75], "texture": "#0"}
			}
		},
		{
			"from": [8.9, 15, 9],
			"to": [9.9, 16, 14],
			"faces": {
				"north": {"uv": [5.125, 8.625, 5.25, 8.75], "texture": "#0"},
				"east": {"uv": [8.375, 8, 9, 8.125], "texture": "#0"},
				"south": {"uv": [8.125, 8.75, 8.25, 8.875], "texture": "#0"},
				"west": {"uv": [8.5, 1.875, 9.125, 2], "texture": "#0"},
				"up": {"uv": [6, 8.875, 5.875, 8.25], "texture": "#0"},
				"down": {"uv": [2.375, 8.5, 2.25, 9.125], "texture": "#0"}
			}
		},
		{
			"from": [7.2, 15, 9],
			"to": [8.6, 15.8, 14],
			"faces": {
				"north": {"uv": [9.125, 2.5, 9.3125, 2.59375], "texture": "#0"},
				"east": {"uv": [8.75, 2.625, 9.375, 2.71875], "texture": "#0"},
				"south": {"uv": [2.625, 9.125, 2.8125, 9.21875], "texture": "#0"},
				"west": {"uv": [8.75, 4.375, 9.375, 4.46875], "texture": "#0"},
				"up": {"uv": [6.6875, 8.75, 6.5, 8.125], "texture": "#0"},
				"down": {"uv": [6.9375, 8.125, 6.75, 8.75], "texture": "#0"}
			}
		},
		{
			"from": [7.4, 15, 9],
			"to": [8.4, 16, 14],
			"faces": {
				"north": {"uv": [2.125, 8.875, 2.25, 9], "texture": "#0"},
				"east": {"uv": [8.5, 2, 9.125, 2.125], "texture": "#0"},
				"south": {"uv": [2.875, 9.125, 3, 9.25], "texture": "#0"},
				"west": {"uv": [8.5, 2.75, 9.125, 2.875], "texture": "#0"},
				"up": {"uv": [2.5, 9.125, 2.375, 8.5], "texture": "#0"},
				"down": {"uv": [2.625, 8.5, 2.5, 9.125], "texture": "#0"}
			}
		},
		{
			"from": [5.7, 15, 9],
			"to": [7.1, 15.8, 14],
			"faces": {
				"north": {"uv": [9.125, 2.75, 9.3125, 2.84375], "texture": "#0"},
				"east": {"uv": [6.25, 8.75, 6.875, 8.84375], "texture": "#0"},
				"south": {"uv": [9.125, 2.875, 9.3125, 2.96875], "texture": "#0"},
				"west": {"uv": [8.75, 6.375, 9.375, 6.46875], "texture": "#0"},
				"up": {"uv": [7.1875, 8.75, 7, 8.125], "texture": "#0"},
				"down": {"uv": [7.4375, 8.125, 7.25, 8.75], "texture": "#0"}
			}
		},
		{
			"from": [5.9, 15, 9],
			"to": [6.9, 16, 14],
			"faces": {
				"north": {"uv": [3.875, 9.125, 4, 9.25], "texture": "#0"},
				"east": {"uv": [8.5, 2.875, 9.125, 3], "texture": "#0"},
				"south": {"uv": [5.875, 9.125, 6, 9.25], "texture": "#0"},
				"west": {"uv": [3, 8.5, 3.625, 8.625], "texture": "#0"},
				"up": {"uv": [2.75, 9.125, 2.625, 8.5], "texture": "#0"},
				"down": {"uv": [3.75, 8.5, 3.625, 9.125], "texture": "#0"}
			}
		},
		{
			"from": [4.2, 15, 9],
			"to": [5.6, 15.8, 14],
			"faces": {
				"north": {"uv": [9.125, 3, 9.3125, 3.09375], "texture": "#0"},
				"east": {"uv": [6.875, 8.75, 7.5, 8.84375], "texture": "#0"},
				"south": {"uv": [9.125, 3.125, 9.3125, 3.21875], "texture": "#0"},
				"west": {"uv": [8.75, 7.375, 9.375, 7.46875], "texture": "#0"},
				"up": {"uv": [7.6875, 8.75, 7.5, 8.125], "texture": "#0"},
				"down": {"uv": [7.9375, 8.125, 7.75, 8.75], "texture": "#0"}
			}
		},
		{
			"from": [4.4, 15, 9],
			"to": [5.4, 16, 14],
			"faces": {
				"north": {"uv": [6, 9.125, 6.125, 9.25], "texture": "#0"},
				"east": {"uv": [8.5, 3, 9.125, 3.125], "texture": "#0"},
				"south": {"uv": [6.125, 9.125, 6.25, 9.25], "texture": "#0"},
				"west": {"uv": [8.5, 3.125, 9.125, 3.25], "texture": "#0"},
				"up": {"uv": [3.875, 9.125, 3.75, 8.5], "texture": "#0"},
				"down": {"uv": [4, 8.5, 3.875, 9.125], "texture": "#0"}
			}
		},
		{
			"from": [10.2, 15, 9],
			"to": [11.6, 15.8, 14],
			"faces": {
				"north": {"uv": [9.125, 3.25, 9.3125, 3.34375], "texture": "#0"},
				"east": {"uv": [7.5, 8.75, 8.125, 8.84375], "texture": "#0"},
				"south": {"uv": [9.125, 3.375, 9.3125, 3.46875], "texture": "#0"},
				"west": {"uv": [8.75, 8.625, 9.375, 8.71875], "texture": "#0"},
				"up": {"uv": [8.1875, 8.75, 8, 8.125], "texture": "#0"},
				"down": {"uv": [0.1875, 8.25, 0, 8.875], "texture": "#0"}
			}
		},
		{
			"from": [9.6, 16, 9.2],
			"to": [10.6, 17.2, 13.8],
			"faces": {
				"north": {"uv": [6.125, 7.25, 6.25, 7.40625], "texture": "#0"},
				"east": {"uv": [8.25, 3.5, 8.8125, 3.65625], "texture": "#0"},
				"south": {"uv": [5.875, 8.875, 6, 9.03125], "texture": "#0"},
				"west": {"uv": [8.25, 3.75, 8.8125, 3.90625], "texture": "#0"},
				"up": {"uv": [5.75, 9.0625, 5.625, 8.5], "texture": "#0"},
				"down": {"uv": [5.875, 8.5, 5.75, 9.0625], "texture": "#0"}
			}
		},
		{
			"from": [7.9, 16.2, 9.2],
			"to": [9.3, 17, 13.8],
			"faces": {
				"north": {"uv": [3.625, 9.125, 3.8125, 9.21875], "texture": "#0"},
				"east": {"uv": [8.75, 8.75, 9.3125, 8.84375], "texture": "#0"},
				"south": {"uv": [4.125, 9.125, 4.3125, 9.21875], "texture": "#0"},
				"west": {"uv": [0, 8.875, 0.5625, 8.96875], "texture": "#0"},
				"up": {"uv": [0.4375, 8.8125, 0.25, 8.25], "texture": "#0"},
				"down": {"uv": [0.6875, 8.25, 0.5, 8.8125], "texture": "#0"}
			}
		},
		{
			"from": [8.1, 16, 9.2],
			"to": [9.1, 17.2, 13.8],
			"faces": {
				"north": {"uv": [1.875, 9.125, 2, 9.28125], "texture": "#0"},
				"east": {"uv": [4, 8.25, 4.5625, 8.40625], "texture": "#0"},
				"south": {"uv": [9.125, 1.875, 9.25, 2.03125], "texture": "#0"},
				"west": {"uv": [4.625, 8.25, 5.1875, 8.40625], "texture": "#0"},
				"up": {"uv": [3.125, 9.1875, 3, 8.625], "texture": "#0"},
				"down": {"uv": [3.25, 8.625, 3.125, 9.1875], "texture": "#0"}
			}
		},
		{
			"from": [6.4, 16.2, 9.2],
			"to": [7.8, 17, 13.8],
			"faces": {
				"north": {"uv": [4.375, 9.125, 4.5625, 9.21875], "texture": "#0"},
				"east": {"uv": [0.625, 8.875, 1.1875, 8.96875], "texture": "#0"},
				"south": {"uv": [4.625, 9.125, 4.8125, 9.21875], "texture": "#0"},
				"west": {"uv": [1.25, 8.875, 1.8125, 8.96875], "texture": "#0"},
				"up": {"uv": [0.9375, 8.8125, 0.75, 8.25], "texture": "#0"},
				"down": {"uv": [1.1875, 8.25, 1, 8.8125], "texture": "#0"}
			}
		},
		{
			"from": [6.6, 16, 9.2],
			"to": [7.6, 17.2, 13.8],
			"faces": {
				"north": {"uv": [2, 9.125, 2.125, 9.28125], "texture": "#0"},
				"east": {"uv": [5.25, 8.25, 5.8125, 8.40625], "texture": "#0"},
				"south": {"uv": [2.125, 9.125, 2.25, 9.28125], "texture": "#0"},
				"west": {"uv": [8.25, 8.125, 8.8125, 8.28125], "texture": "#0"},
				"up": {"uv": [3.375, 9.1875, 3.25, 8.625], "texture": "#0"},
				"down": {"uv": [3.5, 8.625, 3.375, 9.1875], "texture": "#0"}
			}
		},
		{
			"from": [4.9, 16.2, 9.2],
			"to": [6.3, 17, 13.8],
			"faces": {
				"north": {"uv": [4.875, 9.125, 5.0625, 9.21875], "texture": "#0"},
				"east": {"uv": [8.875, 3.5, 9.4375, 3.59375], "texture": "#0"},
				"south": {"uv": [5.125, 9.125, 5.3125, 9.21875], "texture": "#0"},
				"west": {"uv": [8.875, 3.625, 9.4375, 3.71875], "texture": "#0"},
				"up": {"uv": [1.4375, 8.8125, 1.25, 8.25], "texture": "#0"},
				"down": {"uv": [1.6875, 8.25, 1.5, 8.8125], "texture": "#0"}
			}
		},
		{
			"from": [5.1, 16, 9.2],
			"to": [6.1, 17.2, 13.8],
			"faces": {
				"north": {"uv": [9.125, 2.125, 9.25, 2.28125], "texture": "#0"},
				"east": {"uv": [8.375, 7.75, 8.9375, 7.90625], "texture": "#0"},
				"south": {"uv": [2.25, 9.125, 2.375, 9.28125], "texture": "#0"},
				"west": {"uv": [8.25, 8.375, 8.8125, 8.53125], "texture": "#0"},
				"up": {"uv": [3.625, 9.1875, 3.5, 8.625], "texture": "#0"},
				"down": {"uv": [4.125, 8.625, 4, 9.1875], "texture": "#0"}
			}
		},
		{
			"from": [9.4, 16.2, 9.2],
			"to": [10.8, 17, 13.8],
			"faces": {
				"north": {"uv": [5.375, 9.125, 5.5625, 9.21875], "texture": "#0"},
				"east": {"uv": [8.875, 3.75, 9.4375, 3.84375], "texture": "#0"},
				"south": {"uv": [5.625, 9.125, 5.8125, 9.21875], "texture": "#0"},
				"west": {"uv": [8.875, 3.875, 9.4375, 3.96875], "texture": "#0"},
				"up": {"uv": [1.9375, 8.8125, 1.75, 8.25], "texture": "#0"},
				"down": {"uv": [2.1875, 8.25, 2, 8.8125], "texture": "#0"}
			}
		},
		{
			"from": [-16, 15, 2],
			"to": [-14, 16, 16],
			"faces": {
				"north": {"uv": [6.75, 8.875, 7, 9], "texture": "#0"},
				"east": {"uv": [7.75, 1.625, 9.5, 1.75], "texture": "#0"},
				"south": {"uv": [7, 8.875, 7.25, 9], "texture": "#0"},
				"west": {"uv": [7.75, 1.75, 9.5, 1.875], "texture": "#0"},
				"up": {"uv": [3.75, 8.5, 3.5, 6.75], "texture": "#0"},
				"down": {"uv": [4, 6.75, 3.75, 8.5], "texture": "#0"}
			}
		},
		{
			"from": [29, 15, 0],
			"to": [31, 16, 2],
			"faces": {
				"north": {"uv": [8.875, 7, 9.125, 7.125], "texture": "#0"},
				"east": {"uv": [7.25, 8.875, 7.5, 9], "texture": "#0"},
				"south": {"uv": [7.5, 8.875, 7.75, 9], "texture": "#0"},
				"west": {"uv": [7.75, 8.875, 8, 9], "texture": "#0"},
				"up": {"uv": [4, 6.25, 3.75, 6], "texture": "#0"},
				"down": {"uv": [4, 6.25, 3.75, 6.5], "texture": "#0"}
			}
		},
		{
			"from": [-15, 15, 0],
			"to": [-13, 16, 2],
			"faces": {
				"north": {"uv": [8, 8.875, 8.25, 9], "texture": "#0"},
				"east": {"uv": [8.875, 8.125, 9.125, 8.25], "texture": "#0"},
				"south": {"uv": [8.875, 8.25, 9.125, 8.375], "texture": "#0"},
				"west": {"uv": [8.875, 8.375, 9.125, 8.5], "texture": "#0"},
				"up": {"uv": [6.5, 7.125, 6.25, 6.875], "texture": "#0"},
				"down": {"uv": [6.125, 7.625, 5.875, 7.875], "texture": "#0"}
			}
		},
		{
			"from": [-13, 15, -2],
			"to": [-11, 16, 0],
			"faces": {
				"north": {"uv": [8.875, 8.5, 9.125, 8.625], "texture": "#0"},
				"east": {"uv": [8.75, 8.875, 9, 9], "texture": "#0"},
				"south": {"uv": [0, 9, 0.25, 9.125], "texture": "#0"},
				"west": {"uv": [9, 0, 9.25, 0.125], "texture": "#0"},
				"up": {"uv": [5.5, 8.125, 5.25, 7.875], "texture": "#0"},
				"down": {"uv": [6.125, 7.875, 5.875, 8.125], "texture": "#0"}
			}
		},
		{
			"from": [27, 15, -2],
			"to": [29, 16, 0],
			"faces": {
				"north": {"uv": [9, 0.125, 9.25, 0.25], "texture": "#0"},
				"east": {"uv": [0.25, 9, 0.5, 9.125], "texture": "#0"},
				"south": {"uv": [0.5, 9, 0.75, 9.125], "texture": "#0"},
				"west": {"uv": [9, 0.5, 9.25, 0.625], "texture": "#0"},
				"up": {"uv": [8.75, 6.25, 8.5, 6], "texture": "#0"},
				"down": {"uv": [8.75, 6.25, 8.5, 6.5], "texture": "#0"}
			}
		},
		{
			"from": [23, 15, -4],
			"to": [27, 16, -2],
			"faces": {
				"north": {"uv": [8.5, 6.75, 9, 6.875], "texture": "#0"},
				"east": {"uv": [9, 0.625, 9.25, 0.75], "texture": "#0"},
				"south": {"uv": [8.5, 6.875, 9, 7], "texture": "#0"},
				"west": {"uv": [0.75, 9, 1, 9.125], "texture": "#0"},
				"up": {"uv": [3, 8, 2.5, 7.75], "texture": "#0"},
				"down": {"uv": [7.375, 7.875, 6.875, 8.125], "texture": "#0"}
			}
		},
		{
			"from": [18, 15, -6],
			"to": [23, 16, -4],
			"faces": {
				"north": {"uv": [8.5, 3.25, 9.125, 3.375], "texture": "#0"},
				"east": {"uv": [9, 0.75, 9.25, 0.875], "texture": "#0"},
				"south": {"uv": [8.5, 3.375, 9.125, 3.5], "texture": "#0"},
				"west": {"uv": [1, 9, 1.25, 9.125], "texture": "#0"},
				"up": {"uv": [1.375, 8.125, 0.75, 7.875], "texture": "#0"},
				"down": {"uv": [4.625, 7.875, 4, 8.125], "texture": "#0"}
			}
		},
		{
			"from": [-7, 15, -6],
			"to": [-2, 16, -4],
			"faces": {
				"north": {"uv": [4, 8.5, 4.625, 8.625], "texture": "#0"},
				"east": {"uv": [1.25, 9, 1.5, 9.125], "texture": "#0"},
				"south": {"uv": [4.625, 8.5, 5.25, 8.625], "texture": "#0"},
				"west": {"uv": [1.5, 9, 1.75, 9.125], "texture": "#0"},
				"up": {"uv": [5.25, 8.125, 4.625, 7.875], "texture": "#0"},
				"down": {"uv": [8.5, 6.75, 7.875, 7], "texture": "#0"}
			}
		},
		{
			"from": [-2, 15, -8],
			"to": [18, 16, -6],
			"faces": {
				"north": {"uv": [4, 6.75, 6.5, 6.875], "texture": "#0"},
				"east": {"uv": [1.75, 9, 2, 9.125], "texture": "#0"},
				"south": {"uv": [6.75, 4, 9.25, 4.125], "texture": "#0"},
				"west": {"uv": [2, 9, 2.25, 9.125], "texture": "#0"},
				"up": {"uv": [8.5, 6, 6, 5.75], "texture": "#0"},
				"down": {"uv": [8.5, 6, 6, 6.25], "texture": "#0"}
			}
		},
		{
			"from": [-11, 15, -4],
			"to": [-7, 16, -2],
			"faces": {
				"north": {"uv": [8.5, 7.125, 9, 7.25], "texture": "#0"},
				"east": {"uv": [2.75, 9, 3, 9.125], "texture": "#0"},
				"south": {"uv": [8.5, 7.25, 9, 7.375], "texture": "#0"},
				"west": {"uv": [4.125, 9, 4.375, 9.125], "texture": "#0"},
				"up": {"uv": [7.875, 8.125, 7.375, 7.875], "texture": "#0"},
				"down": {"uv": [8.375, 7.875, 7.875, 8.125], "texture": "#0"}
			}
		},
		{
			"from": [-15, 14, 0],
			"to": [31, 15, 2],
			"faces": {
				"north": {"uv": [5.75, 5.25, 11.5, 5.375], "texture": "#0"},
				"east": {"uv": [4.375, 9, 4.625, 9.125], "texture": "#0"},
				"south": {"uv": [5.75, 5.375, 11.5, 5.5], "texture": "#0"},
				"west": {"uv": [4.625, 9, 4.875, 9.125], "texture": "#0"},
				"up": {"uv": [5.75, 3.75, 0, 3.5], "texture": "#0"},
				"down": {"uv": [5.75, 3.75, 0, 4], "texture": "#0"}
			}
		},
		{
			"from": [-13, 14, -2],
			"to": [29, 15, 0],
			"faces": {
				"north": {"uv": [6, 5.5, 11.25, 5.625], "texture": "#0"},
				"east": {"uv": [4.875, 9, 5.125, 9.125], "texture": "#0"},
				"south": {"uv": [6, 5.625, 11.25, 5.75], "texture": "#0"},
				"west": {"uv": [9, 6, 9.25, 6.125], "texture": "#0"},
				"up": {"uv": [5.25, 4.25, 0, 4], "texture": "#0"},
				"down": {"uv": [5.25, 4.25, 0, 4.5], "texture": "#0"}
			}
		},
		{
			"from": [-11, 14, -4],
			"to": [27, 15, -2],
			"faces": {
				"north": {"uv": [6.5, 0.25, 11.25, 0.375], "texture": "#0"},
				"east": {"uv": [9, 6.125, 9.25, 6.25], "texture": "#0"},
				"south": {"uv": [6.5, 0.375, 11.25, 0.5], "texture": "#0"},
				"west": {"uv": [6.25, 9, 6.5, 9.125], "texture": "#0"},
				"up": {"uv": [4.75, 4.75, 0, 4.5], "texture": "#0"},
				"down": {"uv": [4.75, 4.75, 0, 5], "texture": "#0"}
			}
		},
		{
			"from": [-7, 14, -6],
			"to": [23, 15, -4],
			"faces": {
				"north": {"uv": [5.75, 6.5, 9.5, 6.625], "texture": "#0"},
				"east": {"uv": [9, 6.25, 9.25, 6.375], "texture": "#0"},
				"south": {"uv": [5.75, 6.625, 9.5, 6.75], "texture": "#0"},
				"west": {"uv": [6.5, 9, 6.75, 9.125], "texture": "#0"},
				"up": {"uv": [9.5, 4.75, 5.75, 4.5], "texture": "#0"},
				"down": {"uv": [9.5, 4.75, 5.75, 5], "texture": "#0"}
			}
		},
		{
			"from": [-2, 14, -8],
			"to": [18, 15, -6],
			"faces": {
				"north": {"uv": [6.75, 4.125, 9.25, 4.25], "texture": "#0"},
				"east": {"uv": [6.75, 9, 7, 9.125], "texture": "#0"},
				"south": {"uv": [6.75, 4.25, 9.25, 4.375], "texture": "#0"},
				"west": {"uv": [9, 6.75, 9.25, 6.875], "texture": "#0"},
				"up": {"uv": [8.5, 6.5, 6, 6.25], "texture": "#0"},
				"down": {"uv": [9, 0, 6.5, 0.25], "texture": "#0"}
			}
		},
		{
			"from": [-2, 1, 5],
			"to": [2, 14, 9],
			"faces": {
				"north": {"uv": [0, 6, 0.5, 7.75], "texture": "#0"},
				"east": {"uv": [6, 0, 6.5, 1.75], "texture": "#0"},
				"south": {"uv": [0.5, 6, 1, 7.75], "texture": "#0"},
				"west": {"uv": [1, 6, 1.5, 7.75], "texture": "#0"},
				"up": {"uv": [5.75, 4.5, 5.25, 4], "texture": "#0"},
				"down": {"uv": [7.75, 1.25, 7.25, 1.75], "texture": "#0"}
			}
		},
		{
			"from": [-4, 0, 3],
			"to": [4, 1, 11],
			"faces": {
				"north": {"uv": [7.75, 2.625, 8.75, 2.75], "texture": "#0"},
				"east": {"uv": [7.75, 7.375, 8.75, 7.5], "texture": "#0"},
				"south": {"uv": [7.875, 7, 8.875, 7.125], "texture": "#0"},
				"west": {"uv": [8, 0.5, 9, 0.625], "texture": "#0"},
				"up": {"uv": [5.75, 5.5, 4.75, 4.5], "texture": "#0"},
				"down": {"uv": [1, 5, 0, 6], "texture": "#0"}
			}
		},
		{
			"from": [-3, 1, 4],
			"to": [3, 3, 10],
			"faces": {
				"north": {"uv": [4, 5, 4.75, 5.375], "texture": "#0"},
				"east": {"uv": [6.5, 6.75, 7.25, 7.125], "texture": "#0"},
				"south": {"uv": [4, 6.875, 4.75, 7.25], "texture": "#0"},
				"west": {"uv": [4.75, 6.875, 5.5, 7.25], "texture": "#0"},
				"up": {"uv": [3.75, 6.75, 3, 6], "texture": "#0"},
				"down": {"uv": [7.25, 0.5, 6.5, 1.25], "texture": "#0"}
			}
		},
		{
			"from": [-4, 13, 3],
			"to": [4, 14, 11],
			"faces": {
				"north": {"uv": [8, 0.625, 9, 0.75], "texture": "#0"},
				"east": {"uv": [8, 0.75, 9, 0.875], "texture": "#0"},
				"south": {"uv": [1.375, 8, 2.375, 8.125], "texture": "#0"},
				"west": {"uv": [0, 8.125, 1, 8.25], "texture": "#0"},
				"up": {"uv": [2, 6, 1, 5], "texture": "#0"},
				"down": {"uv": [3, 5, 2, 6], "texture": "#0"}
			}
		},
		{
			"from": [12, 0, 3],
			"to": [20, 1, 11],
			"faces": {
				"north": {"uv": [1, 8.125, 2, 8.25], "texture": "#0"},
				"east": {"uv": [2, 8.125, 3, 8.25], "texture": "#0"},
				"south": {"uv": [8.125, 2.125, 9.125, 2.25], "texture": "#0"},
				"west": {"uv": [8.125, 2.25, 9.125, 2.375], "texture": "#0"},
				"up": {"uv": [4, 6, 3, 5], "texture": "#0"},
				"down": {"uv": [5, 5.5, 4, 6.5], "texture": "#0"}
			}
		},
		{
			"from": [13, 1, 4],
			"to": [19, 3, 10],
			"faces": {
				"north": {"uv": [5.5, 6.875, 6.25, 7.25], "texture": "#0"},
				"east": {"uv": [6.25, 7.125, 7, 7.5], "texture": "#0"},
				"south": {"uv": [7, 7.125, 7.75, 7.5], "texture": "#0"},
				"west": {"uv": [7.25, 0.5, 8, 0.875], "texture": "#0"},
				"up": {"uv": [7.25, 2, 6.5, 1.25], "texture": "#0"},
				"down": {"uv": [7.25, 2, 6.5, 2.75], "texture": "#0"}
			}
		},
		{
			"from": [14, 1, 5],
			"to": [18, 14, 9],
			"faces": {
				"north": {"uv": [1.5, 6, 2, 7.75], "texture": "#0"},
				"east": {"uv": [6, 1.75, 6.5, 3.5], "texture": "#0"},
				"south": {"uv": [2, 6, 2.5, 7.75], "texture": "#0"},
				"west": {"uv": [2.5, 6, 3, 7.75], "texture": "#0"},
				"up": {"uv": [7.75, 2.25, 7.25, 1.75], "texture": "#0"},
				"down": {"uv": [7.75, 2.25, 7.25, 2.75], "texture": "#0"}
			}
		},
		{
			"from": [12, 13, 3],
			"to": [20, 14, 11],
			"faces": {
				"north": {"uv": [8.125, 2.375, 9.125, 2.5], "texture": "#0"},
				"east": {"uv": [8.125, 2.5, 9.125, 2.625], "texture": "#0"},
				"south": {"uv": [4, 8.125, 5, 8.25], "texture": "#0"},
				"west": {"uv": [5, 8.125, 6, 8.25], "texture": "#0"},
				"up": {"uv": [6, 6.5, 5, 5.5], "texture": "#0"},
				"down": {"uv": [6.75, 3.5, 5.75, 4.5], "texture": "#0"}
			}
		}
	],
	"display": {
		"thirdperson_righthand": {
			"scale": [0.53, 0.53, 0.53]
		},
		"thirdperson_lefthand": {
			"scale": [0.53, 0.53, 0.53]
		},
		"firstperson_righthand": {
			"translation": [0, -1.25, 0],
			"scale": [0.53, 0.53, 0.53]
		},
		"firstperson_lefthand": {
			"translation": [0, -1.25, 0],
			"scale": [0.53, 0.53, 0.53]
		},
		"ground": {
			"translation": [0, 4.25, 0]
		},
		"gui": {
			"rotation": [90, 180, 0],
			"translation": [0, 2.25, 0],
			"scale": [0.63, 0.63, 0.63]
		},
		"head": {
			"translation": [0, -31.25, 0],
			"scale": [1.49, 1.49, 1.49]
		},
		"fixed": {
			"rotation": [-90, 0, 0],
			"translation": [0, 0, 5]
		}
	},
	"groups": [
		{
			"name": "group",
			"origin": [0, 0, 0],
			"color": 0,
			"children": [
				0,
				1,
				2,
				3,
				4,
				5,
				6,
				7,
				8,
				9,
				10,
				11,
				12,
				13,
				14,
				15,
				16,
				17,
				18,
				19,
				20,
				21,
				22,
				23,
				24,
				25,
				26,
				27,
				28,
				29,
				30,
				31,
				32,
				33,
				34,
				35,
				36,
				37,
				38,
				39,
				40,
				41,
				42,
				43,
				44,
				45,
				46,
				47,
				48,
				49,
				50,
				51,
				52,
				53,
				54,
				55,
				56,
				57,
				58
			]
		}
	]
}