{
	"credit": "Created with Blockbench [Exported as resourcepack with the \"resourcepack_packager\" plugin]",
	"texture_size": [128, 128],
	"textures": {
		"0": "iavegastables:custom/blocks/crash"
	},
	"elements": [
		{
			"from": [0, 0, 0],
			"to": [16, 14, 16],
			"faces": {
				"north": {"uv": [4, 0, 6, 1.75], "texture": "#0"},
				"east": {"uv": [4, 1.75, 6, 3.5], "texture": "#0"},
				"south": {"uv": [4, 3.5, 6, 5.25], "texture": "#0"},
				"west": {"uv": [0, 4.125, 2, 5.875], "texture": "#0"},
				"up": {"uv": [2, 4.125, 0, 2.125], "texture": "#0"},
				"down": {"uv": [4, 2.125, 2, 4.125], "texture": "#0"}
			}
		},
		{
			"from": [0, 9.15076, -10.29289],
			"to": [16, 13.15076, -8.09289],
			"rotation": {"angle": 45, "axis": "x", "origin": [0, -0.84924, 0.70711]},
			"faces": {
				"north": {"uv": [6, 3.25, 8, 3.75], "texture": "#0"},
				"east": {"uv": [6.25, 5.5, 6.5, 6], "texture": "#0"},
				"south": {"uv": [6, 3.75, 8, 4.25], "texture": "#0"},
				"west": {"uv": [6.25, 6, 6.5, 6.5], "texture": "#0"},
				"up": {"uv": [8, 4.5, 6, 4.25], "texture": "#0"},
				"down": {"uv": [8, 4.5, 6, 4.75], "texture": "#0"}
			}
		},
		{
			"from": [12, 10.15076, -10.49289],
			"to": [14, 12.15076, -10.29289],
			"rotation": {"angle": 45, "axis": "x", "origin": [0, -0.84924, 0.70711]},
			"faces": {
				"north": {"uv": [4, 7, 4.25, 7.25], "texture": "#0"},
				"east": {"uv": [4.25, 7.25, 4.28125, 7.5], "texture": "#0"},
				"south": {"uv": [4.25, 7, 4.5, 7.25], "texture": "#0"},
				"west": {"uv": [4.375, 7.25, 4.40625, 7.5], "texture": "#0"},
				"up": {"uv": [4.75, 7.28125, 4.5, 7.25], "texture": "#0"},
				"down": {"uv": [5, 7.25, 4.75, 7.28125], "texture": "#0"}
			}
		},
		{
			"from": [9.5, 11.25076, -10.49289],
			"to": [11.5, 12.15076, -10.29289],
			"rotation": {"angle": 45, "axis": "x", "origin": [0, -0.84924, 0.70711]},
			"faces": {
				"north": {"uv": [6.5, 6.375, 6.75, 6.5], "texture": "#0"},
				"east": {"uv": [6.75, 7.25, 6.78125, 7.375], "texture": "#0"},
				"south": {"uv": [6.75, 6.375, 7, 6.5], "texture": "#0"},
				"west": {"uv": [7.25, 7, 7.28125, 7.125], "texture": "#0"},
				"up": {"uv": [5.25, 7.28125, 5, 7.25], "texture": "#0"},
				"down": {"uv": [5.5, 7.25, 5.25, 7.28125], "texture": "#0"}
			}
		},
		{
			"from": [9.6, 11.35076, -10.69289],
			"to": [11.4, 12.05076, -10.49289],
			"rotation": {"angle": 45, "axis": "x", "origin": [0, -0.84924, 0.70711]},
			"faces": {
				"north": {"uv": [6.5, 7, 6.71875, 7.09375], "texture": "#0"},
				"east": {"uv": [4, 7.375, 4.03125, 7.46875], "texture": "#0"},
				"south": {"uv": [7, 6.625, 7.21875, 6.71875], "texture": "#0"},
				"west": {"uv": [4.125, 7.375, 4.15625, 7.46875], "texture": "#0"},
				"up": {"uv": [7.46875, 6.65625, 7.25, 6.625], "texture": "#0"},
				"down": {"uv": [7.46875, 6.75, 7.25, 6.78125], "texture": "#0"}
			}
		},
		{
			"from": [9.5, 10.15076, -10.49289],
			"to": [11.5, 11.05076, -10.29289],
			"rotation": {"angle": 45, "axis": "x", "origin": [0, -0.84924, 0.70711]},
			"faces": {
				"north": {"uv": [6.25, 7, 6.5, 7.125], "texture": "#0"},
				"east": {"uv": [7.25, 7.125, 7.28125, 7.25], "texture": "#0"},
				"south": {"uv": [7, 6.375, 7.25, 6.5], "texture": "#0"},
				"west": {"uv": [7.25, 7.25, 7.28125, 7.375], "texture": "#0"},
				"up": {"uv": [5.75, 7.28125, 5.5, 7.25], "texture": "#0"},
				"down": {"uv": [7.5, 5.5, 7.25, 5.53125], "texture": "#0"}
			}
		},
		{
			"from": [9.6, 10.25076, -10.69289],
			"to": [11.4, 10.95076, -10.49289],
			"rotation": {"angle": 45, "axis": "x", "origin": [0, -0.84924, 0.70711]},
			"faces": {
				"north": {"uv": [6.75, 7, 6.96875, 7.09375], "texture": "#0"},
				"east": {"uv": [4.5, 7.375, 4.53125, 7.46875], "texture": "#0"},
				"south": {"uv": [7, 6.75, 7.21875, 6.84375], "texture": "#0"},
				"west": {"uv": [4.625, 7.375, 4.65625, 7.46875], "texture": "#0"},
				"up": {"uv": [7.46875, 6.90625, 7.25, 6.875], "texture": "#0"},
				"down": {"uv": [7.21875, 7.25, 7, 7.28125], "texture": "#0"}
			}
		},
		{
			"from": [12.2, 10.35076, -10.99289],
			"to": [13.8, 11.95076, -10.49289],
			"rotation": {"angle": 45, "axis": "x", "origin": [0, -0.84924, 0.70711]},
			"faces": {
				"north": {"uv": [5, 7, 5.1875, 7.1875], "texture": "#0"},
				"east": {"uv": [7, 6.875, 7.0625, 7.0625], "texture": "#0"},
				"south": {"uv": [5.25, 7, 5.4375, 7.1875], "texture": "#0"},
				"west": {"uv": [6.25, 7.125, 6.3125, 7.3125], "texture": "#0"},
				"up": {"uv": [6.5625, 7.1875, 6.375, 7.125], "texture": "#0"},
				"down": {"uv": [6.8125, 7.125, 6.625, 7.1875], "texture": "#0"}
			}
		},
		{
			"from": [7, 10.15076, -10.49289],
			"to": [9, 12.15076, -10.29289],
			"rotation": {"angle": 45, "axis": "x", "origin": [0, -0.84924, 0.70711]},
			"faces": {
				"north": {"uv": [4.5, 7, 4.75, 7.25], "texture": "#0"},
				"east": {"uv": [7.25, 5.625, 7.28125, 5.875], "texture": "#0"},
				"south": {"uv": [4.75, 7, 5, 7.25], "texture": "#0"},
				"west": {"uv": [5.75, 7.25, 5.78125, 7.5], "texture": "#0"},
				"up": {"uv": [7.5, 5.90625, 7.25, 5.875], "texture": "#0"},
				"down": {"uv": [7.5, 6, 7.25, 6.03125], "texture": "#0"}
			}
		},
		{
			"from": [7.2, 10.35076, -10.99289],
			"to": [8.8, 11.95076, -10.49289],
			"rotation": {"angle": 45, "axis": "x", "origin": [0, -0.84924, 0.70711]},
			"faces": {
				"north": {"uv": [5.5, 7, 5.6875, 7.1875], "texture": "#0"},
				"east": {"uv": [6.875, 7.125, 6.9375, 7.3125], "texture": "#0"},
				"south": {"uv": [5.75, 7, 5.9375, 7.1875], "texture": "#0"},
				"west": {"uv": [7.125, 6.875, 7.1875, 7.0625], "texture": "#0"},
				"up": {"uv": [7.1875, 7.1875, 7, 7.125], "texture": "#0"},
				"down": {"uv": [4.1875, 7.25, 4, 7.3125], "texture": "#0"}
			}
		},
		{
			"from": [0, 14, 3],
			"to": [16, 31, 16],
			"faces": {
				"north": {"uv": [0, 0, 2, 2.125], "texture": "#0"},
				"east": {"uv": [0, 5.875, 1.625, 8], "texture": "#0"},
				"south": {"uv": [2, 0, 4, 2.125], "texture": "#0"},
				"west": {"uv": [1.625, 5.875, 3.25, 8], "texture": "#0"},
				"up": {"uv": [8, 1.625, 6, 0], "texture": "#0"},
				"down": {"uv": [8, 1.625, 6, 3.25], "texture": "#0"}
			}
		},
		{
			"from": [0, 31, 2],
			"to": [16, 32, 16],
			"faces": {
				"north": {"uv": [6, 4.75, 8, 4.875], "texture": "#0"},
				"east": {"uv": [6, 5, 7.75, 5.125], "texture": "#0"},
				"south": {"uv": [6, 4.875, 8, 5], "texture": "#0"},
				"west": {"uv": [6, 5.125, 7.75, 5.25], "texture": "#0"},
				"up": {"uv": [4, 5.875, 2, 4.125], "texture": "#0"},
				"down": {"uv": [6, 5.25, 4, 7], "texture": "#0"}
			}
		},
		{
			"from": [0, 16.5, 2.5],
			"to": [1, 31, 3],
			"faces": {
				"north": {"uv": [3.25, 5.875, 3.375, 8], "texture": "#0"},
				"east": {"uv": [3.75, 5.875, 3.8125, 8], "texture": "#0"},
				"south": {"uv": [3.375, 5.875, 3.5, 8], "texture": "#0"},
				"west": {"uv": [3.875, 5.875, 3.9375, 8], "texture": "#0"},
				"up": {"uv": [6, 7.3125, 5.875, 7.25], "texture": "#0"},
				"down": {"uv": [7.375, 6.125, 7.25, 6.1875], "texture": "#0"}
			}
		},
		{
			"from": [2, 14.3, 0.5],
			"to": [5, 16.6, 3],
			"faces": {
				"north": {"uv": [6.25, 6.625, 6.625, 6.90625], "texture": "#0"},
				"east": {"uv": [6.875, 5.5, 7.1875, 5.78125], "texture": "#0"},
				"south": {"uv": [6.625, 6.625, 7, 6.90625], "texture": "#0"},
				"west": {"uv": [6.875, 5.875, 7.1875, 6.15625], "texture": "#0"},
				"up": {"uv": [6.875, 5.8125, 6.5, 5.5], "texture": "#0"},
				"down": {"uv": [6.875, 5.875, 6.5, 6.1875], "texture": "#0"}
			}
		},
		{
			"from": [15, 16.5, 2.5],
			"to": [16, 31, 3],
			"faces": {
				"north": {"uv": [3.5, 5.875, 3.625, 8], "texture": "#0"},
				"east": {"uv": [6, 5.5, 6.0625, 7.625], "texture": "#0"},
				"south": {"uv": [3.625, 5.875, 3.75, 8], "texture": "#0"},
				"west": {"uv": [6.125, 5.5, 6.1875, 7.625], "texture": "#0"},
				"up": {"uv": [6.5, 7.3125, 6.375, 7.25], "texture": "#0"},
				"down": {"uv": [7.375, 6.375, 7.25, 6.4375], "texture": "#0"}
			}
		},
		{
			"from": [1, 30, 2.5],
			"to": [15, 31, 3],
			"faces": {
				"north": {"uv": [6, 5.25, 7.75, 5.375], "texture": "#0"},
				"east": {"uv": [6.5, 7.25, 6.5625, 7.375], "texture": "#0"},
				"south": {"uv": [6, 5.375, 7.75, 5.5], "texture": "#0"},
				"west": {"uv": [6.625, 7.25, 6.6875, 7.375], "texture": "#0"},
				"up": {"uv": [8, 6.5625, 6.25, 6.5], "texture": "#0"},
				"down": {"uv": [8.25, 6.25, 6.5, 6.3125], "texture": "#0"}
			}
		}
	],
	"display": {
		"thirdperson_righthand": {
			"rotation": [69, 0, 0],
			"scale": [0.5, 0.5, 0.5]
		},
		"thirdperson_lefthand": {
			"rotation": [69, 0, 0],
			"scale": [0.5, 0.5, 0.5]
		},
		"firstperson_righthand": {
			"rotation": [0, 180, 0],
			"scale": [0.5, 0.5, 0.5]
		},
		"firstperson_lefthand": {
			"rotation": [0, -180, 0],
			"scale": [0.5, 0.5, 0.5]
		},
		"ground": {
			"translation": [0, 4.75, 0]
		},
		"gui": {
			"rotation": [0, 180, 0]
		},
		"head": {
			"translation": [0, -31.25, 0],
			"scale": [1.5, 1.5, 1.5]
		}
	},
	"groups": [
		{
			"name": "group",
			"origin": [0, 0, 0],
			"color": 0,
			"children": [0, 1, 2, 3, 4, 5, 6, 7, 8, 9, 10, 11, 12, 13, 14, 15]
		}
	]
}