{
	"credit": "Created with Blockbench [Exported as resourcepack with the \"resourcepack_packager\" plugin]",
	"texture_size": [128, 128],
	"textures": {
		"0": "iavegastables:custom/blocks/darts"
	},
	"elements": [
		{
			"from": [1, 1, 14],
			"to": [15, 15, 16],
			"faces": {
				"north": {"uv": [0, 0, 3.5, 3.5], "texture": "#0"},
				"east": {"uv": [3.5, 0, 4, 3.5], "texture": "#0"},
				"south": {"uv": [0, 3.5, 3.5, 7], "texture": "#0"},
				"west": {"uv": [3.5, 3.5, 4, 7], "texture": "#0"},
				"up": {"uv": [7.5, 0.5, 4, 0], "texture": "#0"},
				"down": {"uv": [7.5, 0.5, 4, 1], "texture": "#0"}
			}
		},
		{
			"from": [15, 3, 14],
			"to": [16, 13, 16],
			"faces": {
				"north": {"uv": [0, 7, 0.25, 9.5], "texture": "#0"},
				"east": {"uv": [4, 1, 4.5, 3.5], "texture": "#0"},
				"south": {"uv": [0.25, 7, 0.5, 9.5], "texture": "#0"},
				"west": {"uv": [4, 3.5, 4.5, 6], "texture": "#0"},
				"up": {"uv": [6.25, 7.5, 6, 7], "texture": "#0"},
				"down": {"uv": [6.5, 7, 6.25, 7.5], "texture": "#0"}
			}
		},
		{
			"from": [0, 3, 14],
			"to": [1, 13, 16],
			"faces": {
				"north": {"uv": [0.5, 7, 0.75, 9.5], "texture": "#0"},
				"east": {"uv": [4.5, 1, 5, 3.5], "texture": "#0"},
				"south": {"uv": [0.75, 7, 1, 9.5], "texture": "#0"},
				"west": {"uv": [4.5, 3.5, 5, 6], "texture": "#0"},
				"up": {"uv": [6.75, 7.5, 6.5, 7], "texture": "#0"},
				"down": {"uv": [7.25, 6.5, 7, 7], "texture": "#0"}
			}
		},
		{
			"from": [3, 15, 14],
			"to": [13, 16, 16],
			"faces": {
				"north": {"uv": [6.5, 4.5, 9, 4.75], "texture": "#0"},
				"east": {"uv": [6.75, 7, 7.25, 7.25], "texture": "#0"},
				"south": {"uv": [6.5, 4.75, 9, 5], "texture": "#0"},
				"west": {"uv": [7.25, 6.5, 7.75, 6.75], "texture": "#0"},
				"up": {"uv": [7.5, 1.5, 5, 1], "texture": "#0"},
				"down": {"uv": [7.5, 1.5, 5, 2], "texture": "#0"}
			}
		},
		{
			"from": [3, 14, 13.6],
			"to": [13, 16, 14],
			"faces": {
				"north": {"uv": [5, 2, 7.5, 2.5], "texture": "#0"},
				"east": {"uv": [7.5, 0.5, 7.625, 1], "texture": "#0"},
				"south": {"uv": [5, 2.5, 7.5, 3], "texture": "#0"},
				"west": {"uv": [7.5, 1, 7.625, 1.5], "texture": "#0"},
				"up": {"uv": [9, 5.625, 6.5, 5.5], "texture": "#0"},
				"down": {"uv": [9, 5.75, 6.5, 5.875], "texture": "#0"}
			}
		},
		{
			"from": [3, 14, 13.6],
			"to": [13, 16, 14],
			"faces": {
				"north": {"uv": [5, 2, 7.5, 2.5], "texture": "#0"},
				"east": {"uv": [7.5, 0.5, 7.625, 1], "texture": "#0"},
				"south": {"uv": [5, 2.5, 7.5, 3], "texture": "#0"},
				"west": {"uv": [7.5, 1, 7.625, 1.5], "texture": "#0"},
				"up": {"uv": [9, 5.625, 6.5, 5.5], "texture": "#0"},
				"down": {"uv": [9, 5.75, 6.5, 5.875], "texture": "#0"}
			}
		},
		{
			"from": [3, 0, 13.6],
			"to": [13, 2, 14],
			"faces": {
				"north": {"uv": [5, 3, 7.5, 3.5], "texture": "#0"},
				"east": {"uv": [7.5, 1.5, 7.625, 2], "texture": "#0"},
				"south": {"uv": [5, 3.5, 7.5, 4], "texture": "#0"},
				"west": {"uv": [2, 7.5, 2.125, 8], "texture": "#0"},
				"up": {"uv": [9, 6.125, 6.5, 6], "texture": "#0"},
				"down": {"uv": [9, 6.25, 6.5, 6.375], "texture": "#0"}
			}
		},
		{
			"from": [14, 3, 13.6],
			"to": [16, 13, 14],
			"faces": {
				"north": {"uv": [5, 4, 5.5, 6.5], "texture": "#0"},
				"east": {"uv": [1, 7, 1.125, 9.5], "texture": "#0"},
				"south": {"uv": [5.5, 4, 6, 6.5], "texture": "#0"},
				"west": {"uv": [1.25, 7, 1.375, 9.5], "texture": "#0"},
				"up": {"uv": [8, 2.125, 7.5, 2], "texture": "#0"},
				"down": {"uv": [2.75, 7.5, 2.25, 7.625], "texture": "#0"}
			}
		},
		{
			"from": [0, 3, 13.6],
			"to": [2, 13, 14],
			"faces": {
				"north": {"uv": [4, 6, 4.5, 8.5], "texture": "#0"},
				"east": {"uv": [1.5, 7, 1.625, 9.5], "texture": "#0"},
				"south": {"uv": [6, 4, 6.5, 6.5], "texture": "#0"},
				"west": {"uv": [1.75, 7, 1.875, 9.5], "texture": "#0"},
				"up": {"uv": [8, 2.375, 7.5, 2.25], "texture": "#0"},
				"down": {"uv": [8, 2.5, 7.5, 2.625], "texture": "#0"}
			}
		},
		{
			"from": [1, 13, 13.6],
			"to": [3, 15, 14],
			"faces": {
				"north": {"uv": [4.5, 6, 5, 6.5], "texture": "#0"},
				"east": {"uv": [2.75, 7.5, 2.875, 8], "texture": "#0"},
				"south": {"uv": [2, 7, 2.5, 7.5], "texture": "#0"},
				"west": {"uv": [7.5, 2.75, 7.625, 3.25], "texture": "#0"},
				"up": {"uv": [3.5, 7.625, 3, 7.5], "texture": "#0"},
				"down": {"uv": [8, 3.25, 7.5, 3.375], "texture": "#0"}
			}
		},
		{
			"from": [7.7, 7.7, 13.7],
			"to": [8.3, 8.3, 14],
			"faces": {
				"north": {"uv": [7.75, 2.75, 7.875, 2.875], "texture": "#0"},
				"east": {"uv": [7.75, 3, 7.8125, 3.125], "texture": "#0"},
				"south": {"uv": [3, 7.75, 3.125, 7.875], "texture": "#0"},
				"west": {"uv": [3.25, 7.75, 3.3125, 7.875], "texture": "#0"},
				"up": {"uv": [7.875, 3.5625, 7.75, 3.5], "texture": "#0"},
				"down": {"uv": [7.875, 3.75, 7.75, 3.8125], "texture": "#0"}
			}
		},
		{
			"from": [7.4, 7.4, 13.8],
			"to": [8.6, 8.6, 14],
			"faces": {
				"north": {"uv": [7.25, 7, 7.5625, 7.3125], "texture": "#0"},
				"east": {"uv": [7.75, 0.75, 7.8125, 1.0625], "texture": "#0"},
				"south": {"uv": [7.5, 0, 7.8125, 0.3125], "texture": "#0"},
				"west": {"uv": [7.75, 1.25, 7.8125, 1.5625], "texture": "#0"},
				"up": {"uv": [8.0625, 1.8125, 7.75, 1.75], "texture": "#0"},
				"down": {"uv": [2.5625, 7.75, 2.25, 7.8125], "texture": "#0"}
			}
		},
		{
			"from": [13, 13, 13.6],
			"to": [15, 15, 14],
			"faces": {
				"north": {"uv": [2.5, 7, 3, 7.5], "texture": "#0"},
				"east": {"uv": [3.5, 7.5, 3.625, 8], "texture": "#0"},
				"south": {"uv": [3, 7, 3.5, 7.5], "texture": "#0"},
				"west": {"uv": [7.5, 3.5, 7.625, 4], "texture": "#0"},
				"up": {"uv": [5, 7.625, 4.5, 7.5], "texture": "#0"},
				"down": {"uv": [5.5, 7.5, 5, 7.625], "texture": "#0"}
			}
		},
		{
			"from": [13, 1, 13.6],
			"to": [15, 3, 14],
			"faces": {
				"north": {"uv": [3.5, 7, 4, 7.5], "texture": "#0"},
				"east": {"uv": [3.75, 7.5, 3.875, 8], "texture": "#0"},
				"south": {"uv": [4.5, 7, 5, 7.5], "texture": "#0"},
				"west": {"uv": [5.5, 7.5, 5.625, 8], "texture": "#0"},
				"up": {"uv": [6.25, 7.625, 5.75, 7.5], "texture": "#0"},
				"down": {"uv": [6.75, 7.5, 6.25, 7.625], "texture": "#0"}
			}
		},
		{
			"from": [1, 1, 13.6],
			"to": [3, 3, 14],
			"faces": {
				"north": {"uv": [5, 7, 5.5, 7.5], "texture": "#0"},
				"east": {"uv": [6.75, 7.5, 6.875, 8], "texture": "#0"},
				"south": {"uv": [5.5, 7, 6, 7.5], "texture": "#0"},
				"west": {"uv": [7, 7.5, 7.125, 8], "texture": "#0"},
				"up": {"uv": [7.75, 7.625, 7.25, 7.5], "texture": "#0"},
				"down": {"uv": [8.25, 0.5, 7.75, 0.625], "texture": "#0"}
			}
		},
		{
			"from": [3, 0, 14],
			"to": [13, 1, 16],
			"faces": {
				"north": {"uv": [6.5, 5, 9, 5.25], "texture": "#0"},
				"east": {"uv": [6.75, 7.25, 7.25, 7.5], "texture": "#0"},
				"south": {"uv": [6.5, 5.25, 9, 5.5], "texture": "#0"},
				"west": {"uv": [7.25, 6.75, 7.75, 7], "texture": "#0"},
				"up": {"uv": [9, 4.5, 6.5, 4], "texture": "#0"},
				"down": {"uv": [7, 6.5, 4.5, 7], "texture": "#0"}
			}
		}
	],
	"display": {
		"thirdperson_righthand": {
			"rotation": [77, 0, 0],
			"translation": [0, 5, 0],
			"scale": [0.65, 0.65, 0.65]
		},
		"thirdperson_lefthand": {
			"rotation": [77, 0, 0],
			"translation": [0, 5, 0],
			"scale": [0.65, 0.65, 0.65]
		},
		"firstperson_righthand": {
			"rotation": [0, -180, 0],
			"translation": [0, 1.5, 5],
			"scale": [0.65, 0.65, 0.65]
		},
		"firstperson_lefthand": {
			"rotation": [0, -180, 0],
			"translation": [0, 1.5, 5],
			"scale": [0.65, 0.65, 0.65]
		},
		"ground": {
			"rotation": [90, 0, 0],
			"translation": [0, 4.5, 0]
		},
		"gui": {
			"rotation": [0, 180, 0]
		},
		"head": {
			"translation": [0, -31.2, 0],
			"scale": [1.49, 1.49, 1.49]
		},
		"fixed": {
			"translation": [0, 0, -6.25]
		}
	},
	"groups": [
		{
			"name": "group",
			"origin": [0, 0, 0],
			"color": 0,
			"children": [0, 1, 2, 3, 4, 5, 6, 7, 8, 9, 10, 11, 12, 13, 14, 15]
		}
	]
}