{
	"credit": "Created with Blockbench [Exported as resourcepack with the \"resourcepack_packager\" plugin]",
	"texture_size": [128, 128],
	"textures": {
		"0": "iavegastables:custom/blocks/poker"
	},
	"elements": [
		{
			"from": [-8, 13, -6],
			"to": [24, 15, 22],
			"faces": {
				"north": {"uv": [6, 6, 10, 6.25], "texture": "#0"},
				"east": {"uv": [0, 7.25, 3.5, 7.5], "texture": "#0"},
				"south": {"uv": [6, 6.25, 10, 6.5], "texture": "#0"},
				"west": {"uv": [6, 7.25, 9.5, 7.5], "texture": "#0"},
				"up": {"uv": [4, 3.5, 0, 0], "texture": "#0"},
				"down": {"uv": [4, 3.5, 0, 7], "texture": "#0"}
			}
		},
		{
			"from": [-7, 12, -4],
			"to": [23, 13, 20],
			"faces": {
				"north": {"uv": [7.75, 5.375, 11.5, 5.5], "texture": "#0"},
				"east": {"uv": [7.75, 5.875, 10.75, 6], "texture": "#0"},
				"south": {"uv": [7.75, 5.5, 11.5, 5.625], "texture": "#0"},
				"west": {"uv": [8.125, 5.25, 11.125, 5.375], "texture": "#0"},
				"up": {"uv": [7.75, 3, 4, 0], "texture": "#0"},
				"down": {"uv": [7.75, 3, 4, 6], "texture": "#0"}
			}
		},
		{
			"from": [-8, 14, 20],
			"to": [24, 16, 22],
			"faces": {
				"north": {"uv": [6, 6.5, 10, 6.75], "texture": "#0"},
				"east": {"uv": [1.875, 9.5, 2.125, 9.75], "texture": "#0"},
				"south": {"uv": [6, 6.75, 10, 7], "texture": "#0"},
				"west": {"uv": [2.875, 9.75, 3.125, 10], "texture": "#0"},
				"up": {"uv": [4, 7.25, 0, 7], "texture": "#0"},
				"down": {"uv": [10, 7, 6, 7.25], "texture": "#0"}
			}
		},
		{
			"from": [14.75, 14, -6],
			"to": [24, 16, -4],
			"faces": {
				"north": {"uv": [8.375, 4.5, 9.5, 4.75], "texture": "#0"},
				"east": {"uv": [10.375, 3, 10.625, 3.25], "texture": "#0"},
				"south": {"uv": [9.25, 2, 10.375, 2.25], "texture": "#0"},
				"west": {"uv": [10.375, 6.75, 10.625, 7], "texture": "#0"},
				"up": {"uv": [5.125, 9.5, 4, 9.25], "texture": "#0"},
				"down": {"uv": [10.375, 7.5, 9.25, 7.75], "texture": "#0"}
			}
		},
		{
			"from": [-8, 14, -6],
			"to": [1, 16, -4],
			"faces": {
				"north": {"uv": [9.25, 7.75, 10.375, 8], "texture": "#0"},
				"east": {"uv": [7.375, 10.375, 7.625, 10.625], "texture": "#0"},
				"south": {"uv": [9.25, 8, 10.375, 8.25], "texture": "#0"},
				"west": {"uv": [10.375, 7.5, 10.625, 7.75], "texture": "#0"},
				"up": {"uv": [10.375, 8.5, 9.25, 8.25], "texture": "#0"},
				"down": {"uv": [10.375, 8.5, 9.25, 8.75], "texture": "#0"}
			}
		},
		{
			"from": [30, 13, 1],
			"to": [32, 15, 15],
			"faces": {
				"north": {"uv": [7.625, 10.375, 7.875, 10.625], "texture": "#0"},
				"east": {"uv": [7.75, 5.625, 9.5, 5.875], "texture": "#0"},
				"south": {"uv": [10.375, 7.75, 10.625, 8], "texture": "#0"},
				"west": {"uv": [0.375, 8, 2.125, 8.25], "texture": "#0"},
				"up": {"uv": [8.25, 3, 8, 1.25], "texture": "#0"},
				"down": {"uv": [2.375, 8, 2.125, 9.75], "texture": "#0"}
			}
		},
		{
			"from": [30, 15, 1],
			"to": [32, 16, 15],
			"faces": {
				"north": {"uv": [6, 10.625, 6.25, 10.75], "texture": "#0"},
				"east": {"uv": [9.375, 4.25, 11.125, 4.375], "texture": "#0"},
				"south": {"uv": [10.75, 0.375, 11, 0.5], "texture": "#0"},
				"west": {"uv": [9.375, 4.375, 11.125, 4.5], "texture": "#0"},
				"up": {"uv": [2.625, 9.75, 2.375, 8], "texture": "#0"},
				"down": {"uv": [2.875, 8, 2.625, 9.75], "texture": "#0"}
			}
		},
		{
			"from": [-16, 15, 1],
			"to": [-14, 16, 15],
			"faces": {
				"north": {"uv": [10.75, 0.5, 11, 0.625], "texture": "#0"},
				"east": {"uv": [6.125, 9.375, 7.875, 9.5], "texture": "#0"},
				"south": {"uv": [10.75, 0.625, 11, 0.75], "texture": "#0"},
				"west": {"uv": [9.5, 4.5, 11.25, 4.625], "texture": "#0"},
				"up": {"uv": [3.125, 9.75, 2.875, 8], "texture": "#0"},
				"down": {"uv": [8.375, 3, 8.125, 4.75], "texture": "#0"}
			}
		},
		{
			"from": [28, 15, 15],
			"to": [30, 16, 18],
			"faces": {
				"north": {"uv": [10.75, 2.375, 11, 2.5], "texture": "#0"},
				"east": {"uv": [5.625, 9.25, 6, 9.375], "texture": "#0"},
				"south": {"uv": [2.5, 10.75, 2.75, 10.875], "texture": "#0"},
				"west": {"uv": [7.875, 9.375, 8.25, 9.5], "texture": "#0"},
				"up": {"uv": [2.5, 10.625, 2.25, 10.25], "texture": "#0"},
				"down": {"uv": [2.75, 10.25, 2.5, 10.625], "texture": "#0"}
			}
		},
		{
			"from": [-14, 15, 15],
			"to": [-12, 16, 18],
			"faces": {
				"north": {"uv": [10.75, 2.5, 11, 2.625], "texture": "#0"},
				"east": {"uv": [6.75, 10.625, 7.125, 10.75], "texture": "#0"},
				"south": {"uv": [10.75, 2.625, 11, 2.75], "texture": "#0"},
				"west": {"uv": [7.375, 10.625, 7.75, 10.75], "texture": "#0"},
				"up": {"uv": [3, 10.625, 2.75, 10.25], "texture": "#0"},
				"down": {"uv": [3.25, 10.25, 3, 10.625], "texture": "#0"}
			}
		},
		{
			"from": [28, 15, -2],
			"to": [30, 16, 1],
			"faces": {
				"north": {"uv": [2.75, 10.75, 3, 10.875], "texture": "#0"},
				"east": {"uv": [10.625, 7.625, 11, 7.75], "texture": "#0"},
				"south": {"uv": [10.75, 2.75, 11, 2.875], "texture": "#0"},
				"west": {"uv": [10.625, 7.75, 11, 7.875], "texture": "#0"},
				"up": {"uv": [3.5, 10.625, 3.25, 10.25], "texture": "#0"},
				"down": {"uv": [3.75, 10.25, 3.5, 10.625], "texture": "#0"}
			}
		},
		{
			"from": [-14, 15, -2],
			"to": [-12, 16, 1],
			"faces": {
				"north": {"uv": [3, 10.75, 3.25, 10.875], "texture": "#0"},
				"east": {"uv": [10.625, 7.875, 11, 8], "texture": "#0"},
				"south": {"uv": [3.25, 10.75, 3.5, 10.875], "texture": "#0"},
				"west": {"uv": [10.625, 8, 11, 8.125], "texture": "#0"},
				"up": {"uv": [4, 10.625, 3.75, 10.25], "texture": "#0"},
				"down": {"uv": [6.25, 10.25, 6, 10.625], "texture": "#0"}
			}
		},
		{
			"from": [-16, 13, 1],
			"to": [-14, 15, 15],
			"faces": {
				"north": {"uv": [10.375, 8, 10.625, 8.25], "texture": "#0"},
				"east": {"uv": [8.125, 4.75, 9.875, 5], "texture": "#0"},
				"south": {"uv": [10.375, 8.25, 10.625, 8.5], "texture": "#0"},
				"west": {"uv": [8.125, 5, 9.875, 5.25], "texture": "#0"},
				"up": {"uv": [0.625, 10, 0.375, 8.25], "texture": "#0"},
				"down": {"uv": [0.875, 8.25, 0.625, 10], "texture": "#0"}
			}
		},
		{
			"from": [28, 13, -2],
			"to": [30, 15, 18],
			"faces": {
				"north": {"uv": [10.375, 8.5, 10.625, 8.75], "texture": "#0"},
				"east": {"uv": [7.75, 0.25, 10.25, 0.5], "texture": "#0"},
				"south": {"uv": [10.25, 10.375, 10.5, 10.625], "texture": "#0"},
				"west": {"uv": [7.75, 0.5, 10.25, 0.75], "texture": "#0"},
				"up": {"uv": [3.75, 9.75, 3.5, 7.25], "texture": "#0"},
				"down": {"uv": [4, 7.25, 3.75, 9.75], "texture": "#0"}
			}
		},
		{
			"from": [-14, 13, -2],
			"to": [-12, 15, 18],
			"faces": {
				"north": {"uv": [10.5, 0.25, 10.75, 0.5], "texture": "#0"},
				"east": {"uv": [7.75, 0.75, 10.25, 1], "texture": "#0"},
				"south": {"uv": [10.5, 0.5, 10.75, 0.75], "texture": "#0"},
				"west": {"uv": [7.75, 1, 10.25, 1.25], "texture": "#0"},
				"up": {"uv": [3.5, 10, 3.25, 7.5], "texture": "#0"},
				"down": {"uv": [8, 1.25, 7.75, 3.75], "texture": "#0"}
			}
		},
		{
			"from": [24, 13, -5],
			"to": [28, 15, 21],
			"faces": {
				"north": {"uv": [8.375, 4.25, 8.875, 4.5], "texture": "#0"},
				"east": {"uv": [0, 7.5, 3.25, 7.75], "texture": "#0"},
				"south": {"uv": [8, 10, 8.5, 10.25], "texture": "#0"},
				"west": {"uv": [6, 7.5, 9.25, 7.75], "texture": "#0"},
				"up": {"uv": [4.5, 9.25, 4, 6], "texture": "#0"},
				"down": {"uv": [5, 6, 4.5, 9.25], "texture": "#0"}
			}
		},
		{
			"from": [24, 15, 18],
			"to": [28, 16, 21],
			"faces": {
				"north": {"uv": [10.375, 3.25, 10.875, 3.375], "texture": "#0"},
				"east": {"uv": [10.625, 8.125, 11, 8.25], "texture": "#0"},
				"south": {"uv": [10.375, 7, 10.875, 7.125], "texture": "#0"},
				"west": {"uv": [10.625, 8.25, 11, 8.375], "texture": "#0"},
				"up": {"uv": [5.5, 10.125, 5, 9.75], "texture": "#0"},
				"down": {"uv": [10.25, 8.75, 9.75, 9.125], "texture": "#0"}
			}
		},
		{
			"from": [-12, 15, 18],
			"to": [-8, 16, 21],
			"faces": {
				"north": {"uv": [10.5, 0.75, 11, 0.875], "texture": "#0"},
				"east": {"uv": [10.625, 8.375, 11, 8.5], "texture": "#0"},
				"south": {"uv": [10.5, 0.875, 11, 1], "texture": "#0"},
				"west": {"uv": [10.625, 8.5, 11, 8.625], "texture": "#0"},
				"up": {"uv": [9.625, 10.125, 9.125, 9.75], "texture": "#0"},
				"down": {"uv": [10.25, 9.125, 9.75, 9.5], "texture": "#0"}
			}
		},
		{
			"from": [24, 15, -5],
			"to": [28, 16, -2],
			"faces": {
				"north": {"uv": [10.5, 1, 11, 1.125], "texture": "#0"},
				"east": {"uv": [10.625, 8.625, 11, 8.75], "texture": "#0"},
				"south": {"uv": [10.5, 1.125, 11, 1.25], "texture": "#0"},
				"west": {"uv": [10.25, 10.625, 10.625, 10.75], "texture": "#0"},
				"up": {"uv": [10.25, 9.875, 9.75, 9.5], "texture": "#0"},
				"down": {"uv": [10.375, 2.25, 9.875, 2.625], "texture": "#0"}
			}
		},
		{
			"from": [-12, 15, -5],
			"to": [-8, 16, -2],
			"faces": {
				"north": {"uv": [10.5, 1.25, 11, 1.375], "texture": "#0"},
				"east": {"uv": [10.625, 10.625, 11, 10.75], "texture": "#0"},
				"south": {"uv": [10.5, 1.375, 11, 1.5], "texture": "#0"},
				"west": {"uv": [10.75, 0.25, 11.125, 0.375], "texture": "#0"},
				"up": {"uv": [10.375, 3, 9.875, 2.625], "texture": "#0"},
				"down": {"uv": [10.375, 3, 9.875, 3.375], "texture": "#0"}
			}
		},
		{
			"from": [-12, 13, -5],
			"to": [-8, 15, 21],
			"faces": {
				"north": {"uv": [8.5, 10, 9, 10.25], "texture": "#0"},
				"east": {"uv": [0, 7.75, 3.25, 8], "texture": "#0"},
				"south": {"uv": [5, 10.125, 5.5, 10.375], "texture": "#0"},
				"west": {"uv": [7.75, 0, 11, 0.25], "texture": "#0"},
				"up": {"uv": [5.5, 9.25, 5, 6], "texture": "#0"},
				"down": {"uv": [6, 6, 5.5, 9.25], "texture": "#0"}
			}
		},
		{
			"from": [10.4, 15, -3],
			"to": [11.4, 16, 2],
			"faces": {
				"north": {"uv": [8, 3.625, 8.125, 3.75], "texture": "#0"},
				"east": {"uv": [9.5, 7.375, 10.125, 7.5], "texture": "#0"},
				"south": {"uv": [8.25, 2.875, 8.375, 3], "texture": "#0"},
				"west": {"uv": [9.875, 4.125, 10.5, 4.25], "texture": "#0"},
				"up": {"uv": [8.125, 3.625, 8, 3], "texture": "#0"},
				"down": {"uv": [3.25, 8, 3.125, 8.625], "texture": "#0"}
			}
		},
		{
			"from": [10.2, 15, -3],
			"to": [11.6, 15.8, 2],
			"faces": {
				"north": {"uv": [3.75, 10.75, 3.9375, 10.84375], "texture": "#0"},
				"east": {"uv": [10.5, 2.875, 11.125, 2.96875], "texture": "#0"},
				"south": {"uv": [10.75, 3.875, 10.9375, 3.96875], "texture": "#0"},
				"west": {"uv": [10.5, 4.125, 11.125, 4.21875], "texture": "#0"},
				"up": {"uv": [5.6875, 10.75, 5.5, 10.125], "texture": "#0"},
				"down": {"uv": [5.9375, 10.125, 5.75, 10.75], "texture": "#0"}
			}
		},
		{
			"from": [8.9, 15, -3],
			"to": [9.9, 16, 2],
			"faces": {
				"north": {"uv": [5.5, 9.75, 5.625, 9.875], "texture": "#0"},
				"east": {"uv": [10, 7.125, 10.625, 7.25], "texture": "#0"},
				"south": {"uv": [9.625, 9.75, 9.75, 9.875], "texture": "#0"},
				"west": {"uv": [10.125, 7.375, 10.75, 7.5], "texture": "#0"},
				"up": {"uv": [8.375, 2.875, 8.25, 2.25], "texture": "#0"},
				"down": {"uv": [3.25, 8.625, 3.125, 9.25], "texture": "#0"}
			}
		},
		{
			"from": [8.7, 15, -3],
			"to": [10.1, 15.8, 2],
			"faces": {
				"north": {"uv": [4, 10.75, 4.1875, 10.84375], "texture": "#0"},
				"east": {"uv": [2.5, 10.625, 3.125, 10.71875], "texture": "#0"},
				"south": {"uv": [10.75, 4, 10.9375, 4.09375], "texture": "#0"},
				"west": {"uv": [10.625, 3, 11.25, 3.09375], "texture": "#0"},
				"up": {"uv": [9.1875, 10.75, 9, 10.125], "texture": "#0"},
				"down": {"uv": [9.4375, 10.125, 9.25, 10.75], "texture": "#0"}
			}
		},
		{
			"from": [9.6, 16, -2.8],
			"to": [10.6, 17.2, 1.8],
			"faces": {
				"north": {"uv": [5, 9.5, 5.125, 9.65625], "texture": "#0"},
				"east": {"uv": [10.25, 1.5, 10.8125, 1.65625], "texture": "#0"},
				"south": {"uv": [9.125, 9.5, 9.25, 9.65625], "texture": "#0"},
				"west": {"uv": [8, 10.25, 8.5625, 10.40625], "texture": "#0"},
				"up": {"uv": [8.875, 10.8125, 8.75, 10.25], "texture": "#0"},
				"down": {"uv": [9, 10.25, 8.875, 10.8125], "texture": "#0"}
			}
		},
		{
			"from": [9.4, 16.2, -2.8],
			"to": [10.8, 17, 1.8],
			"faces": {
				"north": {"uv": [4.25, 10.75, 4.4375, 10.84375], "texture": "#0"},
				"east": {"uv": [10.625, 6.25, 11.1875, 6.34375], "texture": "#0"},
				"south": {"uv": [4.5, 10.75, 4.6875, 10.84375], "texture": "#0"},
				"west": {"uv": [10.625, 6.375, 11.1875, 6.46875], "texture": "#0"},
				"up": {"uv": [0.6875, 10.8125, 0.5, 10.25], "texture": "#0"},
				"down": {"uv": [0.9375, 10.25, 0.75, 10.8125], "texture": "#0"}
			}
		},
		{
			"from": [8.1, 16, -2.8],
			"to": [9.1, 17.2, 1.8],
			"faces": {
				"north": {"uv": [7.125, 10.625, 7.25, 10.78125], "texture": "#0"},
				"east": {"uv": [10.25, 8.75, 10.8125, 8.90625], "texture": "#0"},
				"south": {"uv": [7.75, 10.625, 7.875, 10.78125], "texture": "#0"},
				"west": {"uv": [10.25, 9, 10.8125, 9.15625], "texture": "#0"},
				"up": {"uv": [10.5, 2.9375, 10.375, 2.375], "texture": "#0"},
				"down": {"uv": [5.125, 10.375, 5, 10.9375], "texture": "#0"}
			}
		},
		{
			"from": [7.9, 16.2, -2.8],
			"to": [9.3, 17, 1.8],
			"faces": {
				"north": {"uv": [4.75, 10.75, 4.9375, 10.84375], "texture": "#0"},
				"east": {"uv": [10.625, 6.5, 11.1875, 6.59375], "texture": "#0"},
				"south": {"uv": [10.75, 4.75, 10.9375, 4.84375], "texture": "#0"},
				"west": {"uv": [10.625, 6.625, 11.1875, 6.71875], "texture": "#0"},
				"up": {"uv": [10.4375, 1.4375, 10.25, 0.875], "texture": "#0"},
				"down": {"uv": [1.1875, 10.25, 1, 10.8125], "texture": "#0"}
			}
		},
		{
			"from": [7.4, 15, -3],
			"to": [8.4, 16, 2],
			"faces": {
				"north": {"uv": [3.125, 9.875, 3.25, 10], "texture": "#0"},
				"east": {"uv": [10.25, 10.25, 10.875, 10.375], "texture": "#0"},
				"south": {"uv": [9, 10, 9.125, 10.125], "texture": "#0"},
				"west": {"uv": [10.375, 1.75, 11, 1.875], "texture": "#0"},
				"up": {"uv": [3.25, 9.875, 3.125, 9.25], "texture": "#0"},
				"down": {"uv": [6.375, 10.25, 6.25, 10.875], "texture": "#0"}
			}
		},
		{
			"from": [7.2, 15, -3],
			"to": [8.6, 15.8, 2],
			"faces": {
				"north": {"uv": [10.75, 4.875, 10.9375, 4.96875], "texture": "#0"},
				"east": {"uv": [3.125, 10.625, 3.75, 10.71875], "texture": "#0"},
				"south": {"uv": [10.75, 5, 10.9375, 5.09375], "texture": "#0"},
				"west": {"uv": [10.625, 3.125, 11.25, 3.21875], "texture": "#0"},
				"up": {"uv": [9.6875, 10.75, 9.5, 10.125], "texture": "#0"},
				"down": {"uv": [9.9375, 10.125, 9.75, 10.75], "texture": "#0"}
			}
		},
		{
			"from": [6.6, 16, -2.8],
			"to": [7.6, 17.2, 1.8],
			"faces": {
				"north": {"uv": [10.75, 3.375, 10.875, 3.53125], "texture": "#0"},
				"east": {"uv": [10.25, 9.25, 10.8125, 9.40625], "texture": "#0"},
				"south": {"uv": [3.5, 10.75, 3.625, 10.90625], "texture": "#0"},
				"west": {"uv": [10.25, 9.5, 10.8125, 9.65625], "texture": "#0"},
				"up": {"uv": [5.25, 10.9375, 5.125, 10.375], "texture": "#0"},
				"down": {"uv": [5.375, 10.375, 5.25, 10.9375], "texture": "#0"}
			}
		},
		{
			"from": [6.4, 16.2, -2.8],
			"to": [7.8, 17, 1.8],
			"faces": {
				"north": {"uv": [10.75, 5.125, 10.9375, 5.21875], "texture": "#0"},
				"east": {"uv": [10.625, 6.75, 11.1875, 6.84375], "texture": "#0"},
				"south": {"uv": [5.5, 10.75, 5.6875, 10.84375], "texture": "#0"},
				"west": {"uv": [10.625, 6.875, 11.1875, 6.96875], "texture": "#0"},
				"up": {"uv": [1.4375, 10.8125, 1.25, 10.25], "texture": "#0"},
				"down": {"uv": [1.6875, 10.25, 1.5, 10.8125], "texture": "#0"}
			}
		},
		{
			"from": [5.9, 15, -3],
			"to": [6.9, 16, 2],
			"faces": {
				"north": {"uv": [6, 10.125, 6.125, 10.25], "texture": "#0"},
				"east": {"uv": [10.375, 1.875, 11, 2], "texture": "#0"},
				"south": {"uv": [7.875, 10.375, 8, 10.5], "texture": "#0"},
				"west": {"uv": [10.375, 2, 11, 2.125], "texture": "#0"},
				"up": {"uv": [6.5, 10.875, 6.375, 10.25], "texture": "#0"},
				"down": {"uv": [6.625, 10.25, 6.5, 10.875], "texture": "#0"}
			}
		},
		{
			"from": [5.7, 15, -3],
			"to": [7.1, 15.8, 2],
			"faces": {
				"north": {"uv": [5.75, 10.75, 5.9375, 10.84375], "texture": "#0"},
				"east": {"uv": [3.75, 10.625, 4.375, 10.71875], "texture": "#0"},
				"south": {"uv": [10.75, 5.875, 10.9375, 5.96875], "texture": "#0"},
				"west": {"uv": [4.375, 10.625, 5, 10.71875], "texture": "#0"},
				"up": {"uv": [10.1875, 10.75, 10, 10.125], "texture": "#0"},
				"down": {"uv": [0.1875, 10.25, 0, 10.875], "texture": "#0"}
			}
		},
		{
			"from": [5.1, 16, -2.8],
			"to": [6.1, 17.2, 1.8],
			"faces": {
				"north": {"uv": [3.625, 10.75, 3.75, 10.90625], "texture": "#0"},
				"east": {"uv": [10.25, 9.75, 10.8125, 9.90625], "texture": "#0"},
				"south": {"uv": [10.75, 3.625, 10.875, 3.78125], "texture": "#0"},
				"west": {"uv": [10.25, 10, 10.8125, 10.15625], "texture": "#0"},
				"up": {"uv": [5.5, 10.9375, 5.375, 10.375], "texture": "#0"},
				"down": {"uv": [7.375, 10.375, 7.25, 10.9375], "texture": "#0"}
			}
		},
		{
			"from": [4.9, 16.2, -2.8],
			"to": [6.3, 17, 1.8],
			"faces": {
				"north": {"uv": [6, 10.75, 6.1875, 10.84375], "texture": "#0"},
				"east": {"uv": [10.625, 7.125, 11.1875, 7.21875], "texture": "#0"},
				"south": {"uv": [6.75, 10.75, 6.9375, 10.84375], "texture": "#0"},
				"west": {"uv": [10.625, 7.5, 11.1875, 7.59375], "texture": "#0"},
				"up": {"uv": [1.9375, 10.8125, 1.75, 10.25], "texture": "#0"},
				"down": {"uv": [2.1875, 10.25, 2, 10.8125], "texture": "#0"}
			}
		},
		{
			"from": [4.4, 15, -3],
			"to": [5.4, 16, 2],
			"faces": {
				"north": {"uv": [7, 10.75, 7.125, 10.875], "texture": "#0"},
				"east": {"uv": [10.375, 2.125, 11, 2.25], "texture": "#0"},
				"south": {"uv": [7.625, 10.75, 7.75, 10.875], "texture": "#0"},
				"west": {"uv": [10.375, 2.25, 11, 2.375], "texture": "#0"},
				"up": {"uv": [6.75, 10.875, 6.625, 10.25], "texture": "#0"},
				"down": {"uv": [8.75, 10.25, 8.625, 10.875], "texture": "#0"}
			}
		},
		{
			"from": [4.2, 15, -3],
			"to": [5.6, 15.8, 2],
			"faces": {
				"north": {"uv": [7.375, 10.75, 7.5625, 10.84375], "texture": "#0"},
				"east": {"uv": [10.625, 6, 11.25, 6.09375], "texture": "#0"},
				"south": {"uv": [10.75, 7.375, 10.9375, 7.46875], "texture": "#0"},
				"west": {"uv": [10.625, 6.125, 11.25, 6.21875], "texture": "#0"},
				"up": {"uv": [0.4375, 10.875, 0.25, 10.25], "texture": "#0"},
				"down": {"uv": [10.4375, 0.25, 10.25, 0.875], "texture": "#0"}
			}
		},
		{
			"from": [-1.5, 0, 6.5],
			"to": [1.5, 13, 9.5],
			"faces": {
				"north": {"uv": [7.75, 3.75, 8.125, 5.375], "texture": "#0"},
				"east": {"uv": [6, 7.75, 6.375, 9.375], "texture": "#0"},
				"south": {"uv": [6.375, 7.75, 6.75, 9.375], "texture": "#0"},
				"west": {"uv": [6.75, 7.75, 7.125, 9.375], "texture": "#0"},
				"up": {"uv": [0.375, 10, 0, 9.625], "texture": "#0"},
				"down": {"uv": [10.375, 6.75, 10, 7.125], "texture": "#0"}
			}
		},
		{
			"from": [14, 0.4, 6],
			"to": [18, 3.9, 10],
			"faces": {
				"north": {"uv": [4, 9.5, 4.5, 9.9375], "texture": "#0"},
				"east": {"uv": [4.5, 9.5, 5, 9.9375], "texture": "#0"},
				"south": {"uv": [6.125, 9.5, 6.625, 9.9375], "texture": "#0"},
				"west": {"uv": [6.625, 9.5, 7.125, 9.9375], "texture": "#0"},
				"up": {"uv": [5.625, 9.75, 5.125, 9.25], "texture": "#0"},
				"down": {"uv": [9.75, 8.75, 9.25, 9.25], "texture": "#0"}
			}
		},
		{
			"from": [14, 5, 6],
			"to": [18, 11.1, 10],
			"faces": {
				"north": {"uv": [8.25, 8.75, 8.75, 9.5], "texture": "#0"},
				"east": {"uv": [8.75, 8.75, 9.25, 9.5], "texture": "#0"},
				"south": {"uv": [8.875, 2.25, 9.375, 3], "texture": "#0"},
				"west": {"uv": [8.875, 3, 9.375, 3.75], "texture": "#0"},
				"up": {"uv": [9.75, 9.75, 9.25, 9.25], "texture": "#0"},
				"down": {"uv": [9.875, 2.25, 9.375, 2.75], "texture": "#0"}
			}
		},
		{
			"from": [14.2, 4.3, 6.2],
			"to": [17.8, 11.8, 9.8],
			"faces": {
				"north": {"uv": [0.875, 8.25, 1.3125, 9.1875], "texture": "#0"},
				"east": {"uv": [8.25, 1.25, 8.6875, 2.1875], "texture": "#0"},
				"south": {"uv": [1.375, 8.25, 1.8125, 9.1875], "texture": "#0"},
				"west": {"uv": [8.25, 7.75, 8.6875, 8.6875], "texture": "#0"},
				"up": {"uv": [10.1875, 1.6875, 9.75, 1.25], "texture": "#0"},
				"down": {"uv": [2.3125, 9.75, 1.875, 10.1875], "texture": "#0"}
			}
		},
		{
			"from": [14.5, 0, 6.5],
			"to": [17.5, 13, 9.5],
			"faces": {
				"north": {"uv": [7.125, 7.75, 7.5, 9.375], "texture": "#0"},
				"east": {"uv": [7.5, 7.75, 7.875, 9.375], "texture": "#0"},
				"south": {"uv": [7.875, 7.75, 8.25, 9.375], "texture": "#0"},
				"west": {"uv": [0, 8, 0.375, 9.625], "texture": "#0"},
				"up": {"uv": [7.625, 10.375, 7.25, 10], "texture": "#0"},
				"down": {"uv": [8, 10, 7.625, 10.375], "texture": "#0"}
			}
		},
		{
			"from": [-2, 0.4, 6],
			"to": [2, 3.9, 10],
			"faces": {
				"north": {"uv": [7.125, 9.5, 7.625, 9.9375], "texture": "#0"},
				"east": {"uv": [7.625, 9.5, 8.125, 9.9375], "texture": "#0"},
				"south": {"uv": [8.125, 9.5, 8.625, 9.9375], "texture": "#0"},
				"west": {"uv": [8.625, 9.5, 9.125, 9.9375], "texture": "#0"},
				"up": {"uv": [9.875, 3.25, 9.375, 2.75], "texture": "#0"},
				"down": {"uv": [9.875, 3.25, 9.375, 3.75], "texture": "#0"}
			}
		},
		{
			"from": [2, 1.6, 7.5],
			"to": [14, 2.7, 8.5],
			"faces": {
				"north": {"uv": [9.5, 4.625, 11, 4.75], "texture": "#0"},
				"east": {"uv": [7.875, 10.75, 8, 10.875], "texture": "#0"},
				"south": {"uv": [9.5, 5.625, 11, 5.75], "texture": "#0"},
				"west": {"uv": [8, 10.75, 8.125, 10.875], "texture": "#0"},
				"up": {"uv": [11, 5.875, 9.5, 5.75], "texture": "#0"},
				"down": {"uv": [11, 7.25, 9.5, 7.375], "texture": "#0"}
			}
		},
		{
			"from": [-2, 5, 6],
			"to": [2, 11.1, 10],
			"faces": {
				"north": {"uv": [8.875, 3.75, 9.375, 4.5], "texture": "#0"},
				"east": {"uv": [0.875, 9.25, 1.375, 10], "texture": "#0"},
				"south": {"uv": [9.25, 1.25, 9.75, 2], "texture": "#0"},
				"west": {"uv": [1.375, 9.25, 1.875, 10], "texture": "#0"},
				"up": {"uv": [9.875, 4.25, 9.375, 3.75], "texture": "#0"},
				"down": {"uv": [6.125, 9.375, 5.625, 9.875], "texture": "#0"}
			}
		},
		{
			"from": [-1.8, 4.3, 6.2],
			"to": [1.8, 11.8, 9.8],
			"faces": {
				"north": {"uv": [8.375, 2.25, 8.8125, 3.1875], "texture": "#0"},
				"east": {"uv": [8.375, 3.25, 8.8125, 4.1875], "texture": "#0"},
				"south": {"uv": [8.75, 1.25, 9.1875, 2.1875], "texture": "#0"},
				"west": {"uv": [8.75, 7.75, 9.1875, 8.6875], "texture": "#0"},
				"up": {"uv": [2.8125, 10.1875, 2.375, 9.75], "texture": "#0"},
				"down": {"uv": [3.9375, 9.75, 3.5, 10.1875], "texture": "#0"}
			}
		},
		{
			"from": [-4, 1.7, 7],
			"to": [1, 3.7, 9],
			"rotation": {"angle": 22.5, "axis": "z", "origin": [0, 0, 0]},
			"faces": {
				"north": {"uv": [9.75, 1.75, 10.375, 2], "texture": "#0"},
				"east": {"uv": [10.5, 2.375, 10.75, 2.625], "texture": "#0"},
				"south": {"uv": [9.875, 3.375, 10.5, 3.625], "texture": "#0"},
				"west": {"uv": [10.5, 2.625, 10.75, 2.875], "texture": "#0"},
				"up": {"uv": [10.5, 3.875, 9.875, 3.625], "texture": "#0"},
				"down": {"uv": [10.5, 3.875, 9.875, 4.125], "texture": "#0"}
			}
		},
		{
			"from": [13.8, 7.8, 7],
			"to": [18.8, 9.8, 9],
			"rotation": {"angle": -22.5, "axis": "z", "origin": [0, 0, 0]},
			"faces": {
				"north": {"uv": [9.875, 4.75, 10.5, 5], "texture": "#0"},
				"east": {"uv": [10.5, 3.375, 10.75, 3.625], "texture": "#0"},
				"south": {"uv": [9.875, 5, 10.5, 5.25], "texture": "#0"},
				"west": {"uv": [10.5, 3.625, 10.75, 3.875], "texture": "#0"},
				"up": {"uv": [6.125, 10.125, 5.5, 9.875], "texture": "#0"},
				"down": {"uv": [10.25, 9.875, 9.625, 10.125], "texture": "#0"}
			}
		},
		{
			"from": [-1, 4.8, 6.8],
			"to": [1, 6.8, 11.8],
			"rotation": {"angle": 22.5, "axis": "x", "origin": [0, 0, 0]},
			"faces": {
				"north": {"uv": [10.5, 3.875, 10.75, 4.125], "texture": "#0"},
				"east": {"uv": [0, 10, 0.625, 10.25], "texture": "#0"},
				"south": {"uv": [10.5, 4.75, 10.75, 5], "texture": "#0"},
				"west": {"uv": [0.625, 10, 1.25, 10.25], "texture": "#0"},
				"up": {"uv": [2.125, 8.875, 1.875, 8.25], "texture": "#0"},
				"down": {"uv": [2.125, 8.875, 1.875, 9.5], "texture": "#0"}
			}
		},
		{
			"from": [15, 4.8, 6.8],
			"to": [17, 6.8, 11.8],
			"rotation": {"angle": 22.5, "axis": "x", "origin": [0, 0, 0]},
			"faces": {
				"north": {"uv": [10.5, 5, 10.75, 5.25], "texture": "#0"},
				"east": {"uv": [1.25, 10, 1.875, 10.25], "texture": "#0"},
				"south": {"uv": [7.875, 10.5, 8.125, 10.75], "texture": "#0"},
				"west": {"uv": [2.875, 10, 3.5, 10.25], "texture": "#0"},
				"up": {"uv": [4.25, 10.625, 4, 10], "texture": "#0"},
				"down": {"uv": [4.5, 10, 4.25, 10.625], "texture": "#0"}
			}
		},
		{
			"from": [-1, -1.4, 3.4],
			"to": [1, 0.6, 8.4],
			"rotation": {"angle": -22.5, "axis": "x", "origin": [0, 0, 0]},
			"faces": {
				"north": {"uv": [8.125, 10.5, 8.375, 10.75], "texture": "#0"},
				"east": {"uv": [10, 6, 10.625, 6.25], "texture": "#0"},
				"south": {"uv": [8.375, 10.5, 8.625, 10.75], "texture": "#0"},
				"west": {"uv": [6.125, 10, 6.75, 10.25], "texture": "#0"},
				"up": {"uv": [4.75, 10.625, 4.5, 10], "texture": "#0"},
				"down": {"uv": [5, 10, 4.75, 10.625], "texture": "#0"}
			}
		},
		{
			"from": [15, -1.4, 3.4],
			"to": [17, 0.6, 8.4],
			"rotation": {"angle": -22.5, "axis": "x", "origin": [0, 0, 0]},
			"faces": {
				"north": {"uv": [10.5, 10.375, 10.75, 10.625], "texture": "#0"},
				"east": {"uv": [10, 6.25, 10.625, 6.5], "texture": "#0"},
				"south": {"uv": [2.25, 10.625, 2.5, 10.875], "texture": "#0"},
				"west": {"uv": [10, 6.5, 10.625, 6.75], "texture": "#0"},
				"up": {"uv": [7, 10.625, 6.75, 10], "texture": "#0"},
				"down": {"uv": [7.25, 10, 7, 10.625], "texture": "#0"}
			}
		}
	],
	"display": {
		"thirdperson_righthand": {
			"scale": [0.5, 0.5, 0.5]
		},
		"thirdperson_lefthand": {
			"scale": [0.5, 0.5, 0.5]
		},
		"firstperson_righthand": {
			"scale": [0.5, 0.5, 0.5]
		},
		"firstperson_lefthand": {
			"scale": [0.5, 0.5, 0.5]
		},
		"ground": {
			"translation": [0, 4.25, 0]
		},
		"gui": {
			"rotation": [91, 0, 0],
			"scale": [0.6, 0.6, 0.6]
		},
		"head": {
			"translation": [0, -31, 0],
			"scale": [1.5, 1.5, 1.5]
		},
		"fixed": {
			"rotation": [-90, 0, 0],
			"scale": [0.5, 0.5, 0.5]
		}
	},
	"groups": [
		{
			"name": "group",
			"origin": [0, 0, 0],
			"color": 0,
			"children": [
				0,
				1,
				2,
				3,
				4,
				5,
				6,
				7,
				8,
				9,
				10,
				11,
				12,
				13,
				14,
				15,
				16,
				17,
				18,
				19,
				20,
				21,
				22,
				23,
				24,
				25,
				26,
				27,
				28,
				29,
				30,
				31,
				32,
				33,
				34,
				35,
				36,
				37,
				38,
				39,
				40,
				41,
				42,
				43,
				44,
				45,
				46,
				47,
				48,
				49,
				50,
				51,
				52,
				53
			]
		}
	]
}