{
	"credit": "Created with Blockbench [Exported as resourcepack with the \"resourcepack_packager\" plugin]",
	"texture_size": [128, 128],
	"textures": {
		"0": "iavegastables:custom/blocks/races"
	},
	"elements": [
		{
			"from": [1, 0, 1],
			"to": [15, 1, 15],
			"faces": {
				"north": {"uv": [6.5, 0, 8.25, 0.125], "texture": "#0"},
				"east": {"uv": [6.5, 0.125, 8.25, 0.25], "texture": "#0"},
				"south": {"uv": [6.5, 0.25, 8.25, 0.375], "texture": "#0"},
				"west": {"uv": [6.5, 0.375, 8.25, 0.5], "texture": "#0"},
				"up": {"uv": [5.25, 1.75, 3.5, 0], "texture": "#0"},
				"down": {"uv": [5.25, 1.75, 3.5, 3.5], "texture": "#0"}
			}
		},
		{
			"from": [2, 1, 3],
			"to": [14, 1.5, 5],
			"faces": {
				"north": {"uv": [3, 6.625, 4.5, 6.6875], "texture": "#0"},
				"east": {"uv": [1, 6.75, 1.25, 6.8125], "texture": "#0"},
				"south": {"uv": [6.625, 4, 8.125, 4.0625], "texture": "#0"},
				"west": {"uv": [1.25, 6.75, 1.5, 6.8125], "texture": "#0"},
				"up": {"uv": [6.75, 3.125, 5.25, 2.875], "texture": "#0"},
				"down": {"uv": [6.75, 3.125, 5.25, 3.375], "texture": "#0"}
			}
		},
		{
			"from": [2, 1, 5],
			"to": [14, 14, 15],
			"faces": {
				"north": {"uv": [1.625, 3.75, 3.125, 5.375], "texture": "#0"},
				"east": {"uv": [5.125, 5.125, 6.375, 6.75], "texture": "#0"},
				"south": {"uv": [5.125, 3.5, 6.625, 5.125], "texture": "#0"},
				"west": {"uv": [5.25, 0, 6.5, 1.625], "texture": "#0"},
				"up": {"uv": [6.75, 2.875, 5.25, 1.625], "texture": "#0"},
				"down": {"uv": [4.625, 5.25, 3.125, 6.5], "texture": "#0"}
			}
		},
		{
			"from": [14, 11, 6],
			"to": [15, 11.4, 21],
			"rotation": {"angle": -22.5, "axis": "x", "origin": [0, 0, 0]},
			"faces": {
				"north": {"uv": [3.375, 3.75, 3.5, 3.8125], "texture": "#0"},
				"east": {"uv": [6.625, 3.5, 8.5, 3.5625], "texture": "#0"},
				"south": {"uv": [3.375, 3.875, 3.5, 3.9375], "texture": "#0"},
				"west": {"uv": [6.625, 3.625, 8.5, 3.6875], "texture": "#0"},
				"up": {"uv": [4.75, 7.125, 4.625, 5.25], "texture": "#0"},
				"down": {"uv": [4.875, 5.25, 4.75, 7.125], "texture": "#0"}
			}
		},
		{
			"from": [1, 11, 6],
			"to": [2, 11.4, 21],
			"rotation": {"angle": -22.5, "axis": "x", "origin": [0, 0, 0]},
			"faces": {
				"north": {"uv": [3.375, 4, 3.5, 4.0625], "texture": "#0"},
				"east": {"uv": [6.625, 3.75, 8.5, 3.8125], "texture": "#0"},
				"south": {"uv": [3.375, 4.125, 3.5, 4.1875], "texture": "#0"},
				"west": {"uv": [6.625, 3.875, 8.5, 3.9375], "texture": "#0"},
				"up": {"uv": [5, 7.125, 4.875, 5.25], "texture": "#0"},
				"down": {"uv": [5.125, 5.25, 5, 7.125], "texture": "#0"}
			}
		},
		{
			"from": [2, 11, 20],
			"to": [14, 11.4, 21],
			"rotation": {"angle": -22.5, "axis": "x", "origin": [0, 0, 0]},
			"faces": {
				"north": {"uv": [6.625, 4.125, 8.125, 4.1875], "texture": "#0"},
				"east": {"uv": [3.375, 4.25, 3.5, 4.3125], "texture": "#0"},
				"south": {"uv": [6.625, 4.25, 8.125, 4.3125], "texture": "#0"},
				"west": {"uv": [3.375, 4.375, 3.5, 4.4375], "texture": "#0"},
				"up": {"uv": [8, 1.625, 6.5, 1.5], "texture": "#0"},
				"down": {"uv": [4.625, 6.5, 3.125, 6.625], "texture": "#0"}
			}
		},
		{
			"from": [2, 11, 6],
			"to": [14, 11.4, 7],
			"rotation": {"angle": -22.5, "axis": "x", "origin": [0, 0, 0]},
			"faces": {
				"north": {"uv": [6.625, 4.375, 8.125, 4.4375], "texture": "#0"},
				"east": {"uv": [3.375, 4.5, 3.5, 4.5625], "texture": "#0"},
				"south": {"uv": [6.625, 4.5, 8.125, 4.5625], "texture": "#0"},
				"west": {"uv": [3.375, 4.625, 3.5, 4.6875], "texture": "#0"},
				"up": {"uv": [7.875, 6.625, 6.375, 6.5], "texture": "#0"},
				"down": {"uv": [3, 6.625, 1.5, 6.75], "texture": "#0"}
			}
		},
		{
			"from": [2, 11, 9.6],
			"to": [14, 11.2, 10],
			"rotation": {"angle": -22.5, "axis": "x", "origin": [0, 0, 0]},
			"faces": {
				"north": {"uv": [6.625, 4.875, 8.125, 4.90625], "texture": "#0"},
				"east": {"uv": [3.375, 4.75, 3.4375, 4.78125], "texture": "#0"},
				"south": {"uv": [6.625, 5, 8.125, 5.03125], "texture": "#0"},
				"west": {"uv": [3.375, 4.875, 3.4375, 4.90625], "texture": "#0"},
				"up": {"uv": [8.125, 4.6875, 6.625, 4.625], "texture": "#0"},
				"down": {"uv": [8.125, 4.75, 6.625, 4.8125], "texture": "#0"}
			}
		},
		{
			"from": [11.7, 11, 7.4],
			"to": [13.3, 11.2, 9],
			"rotation": {"angle": -22.5, "axis": "x", "origin": [0, 0, 0]},
			"faces": {
				"north": {"uv": [6.75, 2.5, 6.9375, 2.53125], "texture": "#0"},
				"east": {"uv": [6.75, 2.625, 6.9375, 2.65625], "texture": "#0"},
				"south": {"uv": [2.75, 6.75, 2.9375, 6.78125], "texture": "#0"},
				"west": {"uv": [6.75, 2.75, 6.9375, 2.78125], "texture": "#0"},
				"up": {"uv": [3.3125, 3.9375, 3.125, 3.75], "texture": "#0"},
				"down": {"uv": [3.3125, 4, 3.125, 4.1875], "texture": "#0"}
			}
		},
		{
			"from": [11.9, 11, 7.6],
			"to": [13.1, 11.4, 8.8],
			"rotation": {"angle": -22.5, "axis": "x", "origin": [0, 0, 0]},
			"faces": {
				"north": {"uv": [1.5, 6.75, 1.65625, 6.8125], "texture": "#0"},
				"east": {"uv": [6.75, 1.625, 6.90625, 1.6875], "texture": "#0"},
				"south": {"uv": [1.75, 6.75, 1.90625, 6.8125], "texture": "#0"},
				"west": {"uv": [6.75, 1.75, 6.90625, 1.8125], "texture": "#0"},
				"up": {"uv": [6.53125, 6.78125, 6.375, 6.625], "texture": "#0"},
				"down": {"uv": [6.78125, 6.625, 6.625, 6.78125], "texture": "#0"}
			}
		},
		{
			"from": [9.7, 11, 7.4],
			"to": [11.3, 11.2, 9],
			"rotation": {"angle": -22.5, "axis": "x", "origin": [0, 0, 0]},
			"faces": {
				"north": {"uv": [6.75, 2.875, 6.9375, 2.90625], "texture": "#0"},
				"east": {"uv": [3, 6.75, 3.1875, 6.78125], "texture": "#0"},
				"south": {"uv": [6.75, 3, 6.9375, 3.03125], "texture": "#0"},
				"west": {"uv": [6.75, 3.125, 6.9375, 3.15625], "texture": "#0"},
				"up": {"uv": [3.3125, 4.4375, 3.125, 4.25], "texture": "#0"},
				"down": {"uv": [3.3125, 4.5, 3.125, 4.6875], "texture": "#0"}
			}
		},
		{
			"from": [7.9, 11, 7.6],
			"to": [9.1, 11.4, 8.8],
			"rotation": {"angle": -22.5, "axis": "x", "origin": [0, 0, 0]},
			"faces": {
				"north": {"uv": [6.75, 1.875, 6.90625, 1.9375], "texture": "#0"},
				"east": {"uv": [2, 6.75, 2.15625, 6.8125], "texture": "#0"},
				"south": {"uv": [6.75, 2, 6.90625, 2.0625], "texture": "#0"},
				"west": {"uv": [6.75, 2.125, 6.90625, 2.1875], "texture": "#0"},
				"up": {"uv": [0.15625, 6.90625, 0, 6.75], "texture": "#0"},
				"down": {"uv": [0.40625, 6.75, 0.25, 6.90625], "texture": "#0"}
			}
		},
		{
			"from": [7.7, 11, 7.4],
			"to": [9.3, 11.2, 9],
			"rotation": {"angle": -22.5, "axis": "x", "origin": [0, 0, 0]},
			"faces": {
				"north": {"uv": [3.25, 6.75, 3.4375, 6.78125], "texture": "#0"},
				"east": {"uv": [6.75, 3.25, 6.9375, 3.28125], "texture": "#0"},
				"south": {"uv": [3.5, 6.75, 3.6875, 6.78125], "texture": "#0"},
				"west": {"uv": [3.75, 6.75, 3.9375, 6.78125], "texture": "#0"},
				"up": {"uv": [3.3125, 4.9375, 3.125, 4.75], "texture": "#0"},
				"down": {"uv": [3.3125, 5, 3.125, 5.1875], "texture": "#0"}
			}
		},
		{
			"from": [2.7, 11, 8.8],
			"to": [4.3, 11.1, 9],
			"rotation": {"angle": -22.5, "axis": "x", "origin": [0, 0, 0]},
			"faces": {
				"north": {"uv": [4, 6.75, 4.1875, 6.78125], "texture": "#0"},
				"east": {"uv": [3.375, 5, 3.40625, 5.03125], "texture": "#0"},
				"south": {"uv": [4.25, 6.75, 4.4375, 6.78125], "texture": "#0"},
				"west": {"uv": [3.375, 5.125, 3.40625, 5.15625], "texture": "#0"},
				"up": {"uv": [5.3125, 6.78125, 5.125, 6.75], "texture": "#0"},
				"down": {"uv": [5.5625, 6.75, 5.375, 6.78125], "texture": "#0"}
			}
		},
		{
			"from": [2.7, 11, 8.3],
			"to": [4.3, 11.1, 8.5],
			"rotation": {"angle": -22.5, "axis": "x", "origin": [0, 0, 0]},
			"faces": {
				"north": {"uv": [5.625, 6.75, 5.8125, 6.78125], "texture": "#0"},
				"east": {"uv": [1.5, 5.5, 1.53125, 5.53125], "texture": "#0"},
				"south": {"uv": [5.875, 6.75, 6.0625, 6.78125], "texture": "#0"},
				"west": {"uv": [1.5, 5.625, 1.53125, 5.65625], "texture": "#0"},
				"up": {"uv": [6.3125, 6.78125, 6.125, 6.75], "texture": "#0"},
				"down": {"uv": [1.1875, 6.875, 1, 6.90625], "texture": "#0"}
			}
		},
		{
			"from": [4.1, 11, 8.5],
			"to": [4.3, 11.1, 8.8],
			"rotation": {"angle": -22.5, "axis": "x", "origin": [0, 0, 0]},
			"faces": {
				"north": {"uv": [1.5, 5.75, 1.53125, 5.78125], "texture": "#0"},
				"east": {"uv": [1.5, 5.875, 1.53125, 5.90625], "texture": "#0"},
				"south": {"uv": [1.5, 6, 1.53125, 6.03125], "texture": "#0"},
				"west": {"uv": [1.5, 6.125, 1.53125, 6.15625], "texture": "#0"},
				"up": {"uv": [1.53125, 6.28125, 1.5, 6.25], "texture": "#0"},
				"down": {"uv": [1.53125, 6.375, 1.5, 6.40625], "texture": "#0"}
			}
		},
		{
			"from": [2.7, 11, 8.5],
			"to": [2.9, 11.1, 8.8],
			"rotation": {"angle": -22.5, "axis": "x", "origin": [0, 0, 0]},
			"faces": {
				"north": {"uv": [1.5, 6.5, 1.53125, 6.53125], "texture": "#0"},
				"east": {"uv": [4.5, 6.625, 4.53125, 6.65625], "texture": "#0"},
				"south": {"uv": [4.5, 6.75, 4.53125, 6.78125], "texture": "#0"},
				"west": {"uv": [1.25, 6.875, 1.28125, 6.90625], "texture": "#0"},
				"up": {"uv": [1.40625, 6.90625, 1.375, 6.875], "texture": "#0"},
				"down": {"uv": [1.53125, 6.875, 1.5, 6.90625], "texture": "#0"}
			}
		},
		{
			"from": [9.9, 11, 7.6],
			"to": [11.1, 11.4, 8.8],
			"rotation": {"angle": -22.5, "axis": "x", "origin": [0, 0, 0]},
			"faces": {
				"north": {"uv": [2.25, 6.75, 2.40625, 6.8125], "texture": "#0"},
				"east": {"uv": [6.75, 2.25, 6.90625, 2.3125], "texture": "#0"},
				"south": {"uv": [6.75, 2.375, 6.90625, 2.4375], "texture": "#0"},
				"west": {"uv": [2.5, 6.75, 2.65625, 6.8125], "texture": "#0"},
				"up": {"uv": [0.65625, 6.90625, 0.5, 6.75], "texture": "#0"},
				"down": {"uv": [0.90625, 6.75, 0.75, 6.90625], "texture": "#0"}
			}
		},
		{
			"from": [1, 10, 6],
			"to": [15, 11, 21],
			"rotation": {"angle": -22.5, "axis": "x", "origin": [0, 0, 0]},
			"faces": {
				"north": {"uv": [6.5, 0.75, 8.25, 0.875], "texture": "#0"},
				"east": {"uv": [6.375, 6.25, 8.25, 6.375], "texture": "#0"},
				"south": {"uv": [6.5, 0.875, 8.25, 1], "texture": "#0"},
				"west": {"uv": [6.375, 6.375, 8.25, 6.5], "texture": "#0"},
				"up": {"uv": [1.75, 3.75, 0, 1.875], "texture": "#0"},
				"down": {"uv": [3.5, 1.875, 1.75, 3.75], "texture": "#0"}
			}
		},
		{
			"from": [1.5, 9, 6.5],
			"to": [14.5, 10, 20.5],
			"rotation": {"angle": -22.5, "axis": "x", "origin": [0, 0, 0]},
			"faces": {
				"north": {"uv": [6.5, 1.25, 8.125, 1.375], "texture": "#0"},
				"east": {"uv": [6.5, 1, 8.25, 1.125], "texture": "#0"},
				"south": {"uv": [6.5, 1.375, 8.125, 1.5], "texture": "#0"},
				"west": {"uv": [6.5, 1.125, 8.25, 1.25], "texture": "#0"},
				"up": {"uv": [5.125, 5.25, 3.5, 3.5], "texture": "#0"},
				"down": {"uv": [1.625, 3.75, 0, 5.5], "texture": "#0"}
			}
		},
		{
			"from": [2, 7.52932, 9.4697],
			"to": [14, 9.32932, 19.4697],
			"rotation": {"angle": -22.5, "axis": "x", "origin": [0, -0.47068, 0.9697]},
			"faces": {
				"north": {"uv": [6.375, 5.125, 7.875, 5.34375], "texture": "#0"},
				"east": {"uv": [6.375, 5.625, 7.625, 5.84375], "texture": "#0"},
				"south": {"uv": [6.375, 5.375, 7.875, 5.59375], "texture": "#0"},
				"west": {"uv": [6.375, 5.875, 7.625, 6.09375], "texture": "#0"},
				"up": {"uv": [3.125, 6.625, 1.625, 5.375], "texture": "#0"},
				"down": {"uv": [1.5, 5.5, 0, 6.75], "texture": "#0"}
			}
		}
	],
	"display": {
		"thirdperson_righthand": {
			"scale": [0.65, 0.65, 0.65]
		},
		"thirdperson_lefthand": {
			"scale": [0.65, 0.65, 0.65]
		},
		"firstperson_righthand": {
			"rotation": [-180, 0, -180],
			"scale": [0.65, 0.65, 0.65]
		},
		"firstperson_lefthand": {
			"rotation": [0, -180, 0],
			"scale": [0.65, 0.65, 0.65]
		},
		"ground": {
			"translation": [0, 4.5, 0]
		},
		"gui": {
			"rotation": [-107.75, 0, -180]
		},
		"head": {
			"translation": [0, -31.25, 0],
			"scale": [1.49, 1.49, 1.49]
		},
		"fixed": {
			"rotation": [-66.75, 0, 0]
		}
	},
	"groups": [
		{
			"name": "group",
			"origin": [0, -0.47068, 0.9697],
			"color": 0,
			"children": [0, 1, 2, 3, 4, 5, 6, 7, 8, 9, 10, 11, 12, 13, 14, 15, 16, 17, 18, 19, 20]
		}
	]
}