{
	"credit": "Created with Blockbench [Exported as resourcepack with the \"resourcepack_packager\" plugin]",
	"texture_size": [128, 128],
	"textures": {
		"0": "iavegastables:custom/blocks/roulette"
	},
	"elements": [
		{
			"from": [1, 0, 1],
			"to": [15, 1, 15],
			"faces": {
				"north": {"uv": [7.25, 0.875, 9, 1], "texture": "#0"},
				"east": {"uv": [7.25, 4, 9, 4.125], "texture": "#0"},
				"south": {"uv": [7.25, 4.125, 9, 4.25], "texture": "#0"},
				"west": {"uv": [7, 7.25, 8.75, 7.375], "texture": "#0"},
				"up": {"uv": [3.75, 1.75, 2, 0], "texture": "#0"},
				"down": {"uv": [3.75, 1.75, 2, 3.5], "texture": "#0"}
			}
		},
		{
			"from": [2, 1, 2],
			"to": [14, 8, 14],
			"faces": {
				"north": {"uv": [0, 4, 1.5, 4.875], "texture": "#0"},
				"east": {"uv": [3.75, 4.75, 5.25, 5.625], "texture": "#0"},
				"south": {"uv": [0, 4.875, 1.5, 5.75], "texture": "#0"},
				"west": {"uv": [1.5, 5.25, 3, 6.125], "texture": "#0"},
				"up": {"uv": [5.25, 3.25, 3.75, 1.75], "texture": "#0"},
				"down": {"uv": [5.25, 3.25, 3.75, 4.75], "texture": "#0"}
			}
		},
		{
			"from": [1, 7, 1],
			"to": [15, 8, 15],
			"faces": {
				"north": {"uv": [7, 7.375, 8.75, 7.5], "texture": "#0"},
				"east": {"uv": [7.5, 1.625, 9.25, 1.75], "texture": "#0"},
				"south": {"uv": [7.5, 2, 9.25, 2.125], "texture": "#0"},
				"west": {"uv": [7.5, 2.125, 9.25, 2.25], "texture": "#0"},
				"up": {"uv": [3.75, 5.25, 2, 3.5], "texture": "#0"},
				"down": {"uv": [5.5, 0, 3.75, 1.75], "texture": "#0"}
			}
		},
		{
			"from": [-0.3, 8, -0.3],
			"to": [16.3, 9, 16.3],
			"faces": {
				"north": {"uv": [5.5, 1.625, 7.5, 1.75], "texture": "#0"},
				"east": {"uv": [4.75, 7.125, 6.75, 7.25], "texture": "#0"},
				"south": {"uv": [6.75, 7.125, 8.75, 7.25], "texture": "#0"},
				"west": {"uv": [7.25, 0, 9.25, 0.125], "texture": "#0"},
				"up": {"uv": [2, 2, 0, 0], "texture": "#0"},
				"down": {"uv": [2, 2, 0, 4], "texture": "#0"}
			}
		},
		{
			"from": [4.2, 8.4, 4.2],
			"to": [11.8, 10.5, 11.8],
			"faces": {
				"north": {"uv": [7.25, 0.125, 8.25, 0.375], "texture": "#0"},
				"east": {"uv": [7.25, 0.375, 8.25, 0.625], "texture": "#0"},
				"south": {"uv": [7.25, 0.625, 8.25, 0.875], "texture": "#0"},
				"west": {"uv": [7.25, 1.75, 8.25, 2], "texture": "#0"},
				"up": {"uv": [7.25, 1, 6.25, 0], "texture": "#0"},
				"down": {"uv": [4.75, 6.375, 3.75, 7.375], "texture": "#0"}
			}
		},
		{
			"from": [6.3, 8.4, 6.3],
			"to": [9.7, 10.8, 9.7],
			"faces": {
				"north": {"uv": [1.5, 5, 1.875, 5.25], "texture": "#0"},
				"east": {"uv": [8.25, 1.375, 8.625, 1.625], "texture": "#0"},
				"south": {"uv": [8.25, 1.75, 8.625, 2], "texture": "#0"},
				"west": {"uv": [8.25, 3.75, 8.625, 4], "texture": "#0"},
				"up": {"uv": [8.375, 8.5, 8, 8.125], "texture": "#0"},
				"down": {"uv": [8.625, 0.125, 8.25, 0.5], "texture": "#0"}
			}
		},
		{
			"from": [7.3, 8.4, 7.3],
			"to": [8.7, 12.8, 8.7],
			"faces": {
				"north": {"uv": [5.875, 8.25, 6, 8.75], "texture": "#0"},
				"east": {"uv": [6, 8.25, 6.125, 8.75], "texture": "#0"},
				"south": {"uv": [8.25, 6, 8.375, 6.5], "texture": "#0"},
				"west": {"uv": [6.125, 8.25, 6.25, 8.75], "texture": "#0"},
				"up": {"uv": [5.25, 6.5, 5.125, 6.375], "texture": "#0"},
				"down": {"uv": [8.625, 6.875, 8.5, 7], "texture": "#0"}
			}
		},
		{
			"from": [7.5, 12.8, 7.5],
			"to": [8.5, 15.2, 8.5],
			"faces": {
				"north": {"uv": [1.875, 5, 2, 5.25], "texture": "#0"},
				"east": {"uv": [2.125, 8.375, 2.25, 8.625], "texture": "#0"},
				"south": {"uv": [0.875, 8.5, 1, 8.75], "texture": "#0"},
				"west": {"uv": [1, 8.5, 1.125, 8.75], "texture": "#0"},
				"up": {"uv": [7.25, 8.625, 7.125, 8.5], "texture": "#0"},
				"down": {"uv": [7.375, 8.5, 7.25, 8.625], "texture": "#0"}
			}
		},
		{
			"from": [8.5, 14.2, 7.8],
			"to": [11.8, 14.6, 8.2],
			"faces": {
				"north": {"uv": [5.5, 1.5, 5.875, 1.625], "texture": "#0"},
				"east": {"uv": [7.375, 8.5, 7.5, 8.625], "texture": "#0"},
				"south": {"uv": [5.875, 1.5, 6.25, 1.625], "texture": "#0"},
				"west": {"uv": [7.5, 8.5, 7.625, 8.625], "texture": "#0"},
				"up": {"uv": [5.125, 6.5, 4.75, 6.375], "texture": "#0"},
				"down": {"uv": [8.625, 7, 8.25, 7.125], "texture": "#0"}
			}
		},
		{
			"from": [4.2, 14, 7.6],
			"to": [5.1, 14.8, 8.4],
			"faces": {
				"north": {"uv": [7.625, 8.5, 7.75, 8.625], "texture": "#0"},
				"east": {"uv": [8, 8.5, 8.125, 8.625], "texture": "#0"},
				"south": {"uv": [8.125, 8.5, 8.25, 8.625], "texture": "#0"},
				"west": {"uv": [8.25, 8.5, 8.375, 8.625], "texture": "#0"},
				"up": {"uv": [8.5, 8.625, 8.375, 8.5], "texture": "#0"},
				"down": {"uv": [8.625, 8.5, 8.5, 8.625], "texture": "#0"}
			}
		},
		{
			"from": [4.2, 14.2, 7.8],
			"to": [7.5, 14.6, 8.2],
			"faces": {
				"north": {"uv": [8.25, 7.5, 8.625, 7.625], "texture": "#0"},
				"east": {"uv": [8.625, 0.125, 8.75, 0.25], "texture": "#0"},
				"south": {"uv": [8.25, 7.625, 8.625, 7.75], "texture": "#0"},
				"west": {"uv": [8.625, 0.25, 8.75, 0.375], "texture": "#0"},
				"up": {"uv": [8.625, 7.875, 8.25, 7.75], "texture": "#0"},
				"down": {"uv": [8.625, 7.875, 8.25, 8], "texture": "#0"}
			}
		},
		{
			"from": [7.6, 14, 4.2],
			"to": [8.4, 14.8, 5.1],
			"faces": {
				"north": {"uv": [8.625, 0.375, 8.75, 0.5], "texture": "#0"},
				"east": {"uv": [0.5, 8.625, 0.625, 8.75], "texture": "#0"},
				"south": {"uv": [8.625, 0.5, 8.75, 0.625], "texture": "#0"},
				"west": {"uv": [0.625, 8.625, 0.75, 8.75], "texture": "#0"},
				"up": {"uv": [8.75, 0.75, 8.625, 0.625], "texture": "#0"},
				"down": {"uv": [0.875, 8.625, 0.75, 8.75], "texture": "#0"}
			}
		},
		{
			"from": [7.8, 14.2, 4.2],
			"to": [8.2, 14.6, 7.5],
			"faces": {
				"north": {"uv": [8.625, 0.75, 8.75, 0.875], "texture": "#0"},
				"east": {"uv": [8.25, 8, 8.625, 8.125], "texture": "#0"},
				"south": {"uv": [8.625, 1, 8.75, 1.125], "texture": "#0"},
				"west": {"uv": [0.5, 8.375, 0.875, 8.5], "texture": "#0"},
				"up": {"uv": [7.875, 8.625, 7.75, 8.25], "texture": "#0"},
				"down": {"uv": [8, 8.25, 7.875, 8.625], "texture": "#0"}
			}
		},
		{
			"from": [7.6, 14, 10.9],
			"to": [8.4, 14.8, 11.8],
			"faces": {
				"north": {"uv": [8.625, 1.125, 8.75, 1.25], "texture": "#0"},
				"east": {"uv": [8.625, 1.25, 8.75, 1.375], "texture": "#0"},
				"south": {"uv": [8.625, 1.375, 8.75, 1.5], "texture": "#0"},
				"west": {"uv": [1.5, 8.625, 1.625, 8.75], "texture": "#0"},
				"up": {"uv": [8.75, 1.625, 8.625, 1.5], "texture": "#0"},
				"down": {"uv": [1.75, 8.625, 1.625, 8.75], "texture": "#0"}
			}
		},
		{
			"from": [7.8, 14.2, 8.5],
			"to": [8.2, 14.6, 11.8],
			"faces": {
				"north": {"uv": [8.625, 1.75, 8.75, 1.875], "texture": "#0"},
				"east": {"uv": [0.875, 8.375, 1.25, 8.5], "texture": "#0"},
				"south": {"uv": [8.625, 1.875, 8.75, 2], "texture": "#0"},
				"west": {"uv": [1.5, 8.375, 1.875, 8.5], "texture": "#0"},
				"up": {"uv": [2, 8.75, 1.875, 8.375], "texture": "#0"},
				"down": {"uv": [2.125, 8.375, 2, 8.75], "texture": "#0"}
			}
		},
		{
			"from": [10.9, 14, 7.6],
			"to": [11.8, 14.8, 8.4],
			"faces": {
				"north": {"uv": [2.125, 8.625, 2.25, 8.75], "texture": "#0"},
				"east": {"uv": [2.25, 8.625, 2.375, 8.75], "texture": "#0"},
				"south": {"uv": [8.625, 2.25, 8.75, 2.375], "texture": "#0"},
				"west": {"uv": [2.375, 8.625, 2.5, 8.75], "texture": "#0"},
				"up": {"uv": [8.75, 2.5, 8.625, 2.375], "texture": "#0"},
				"down": {"uv": [2.625, 8.625, 2.5, 8.75], "texture": "#0"}
			}
		},
		{
			"from": [7.3, 15.2, 7.3],
			"to": [8.7, 16.6, 8.7],
			"faces": {
				"north": {"uv": [8.625, 2.5, 8.75, 2.625], "texture": "#0"},
				"east": {"uv": [2.625, 8.625, 2.75, 8.75], "texture": "#0"},
				"south": {"uv": [8.625, 2.625, 8.75, 2.75], "texture": "#0"},
				"west": {"uv": [2.75, 8.625, 2.875, 8.75], "texture": "#0"},
				"up": {"uv": [8.75, 2.875, 8.625, 2.75], "texture": "#0"},
				"down": {"uv": [3, 8.625, 2.875, 8.75], "texture": "#0"}
			}
		},
		{
			"from": [0, 9, 14],
			"to": [16, 14, 16],
			"faces": {
				"north": {"uv": [5.25, 1.75, 7.25, 2.375], "texture": "#0"},
				"east": {"uv": [7.75, 1, 8, 1.625], "texture": "#0"},
				"south": {"uv": [5.25, 2.375, 7.25, 3], "texture": "#0"},
				"west": {"uv": [7.75, 6.5, 8, 7.125], "texture": "#0"},
				"up": {"uv": [8.75, 4.5, 6.75, 4.25], "texture": "#0"},
				"down": {"uv": [8.75, 4.5, 6.75, 4.75], "texture": "#0"}
			}
		},
		{
			"from": [0, 9, 0],
			"to": [16, 14, 2],
			"faces": {
				"north": {"uv": [5.25, 3, 7.25, 3.625], "texture": "#0"},
				"east": {"uv": [2.75, 7.875, 3, 8.5], "texture": "#0"},
				"south": {"uv": [5.25, 3.625, 7.25, 4.25], "texture": "#0"},
				"west": {"uv": [8, 1, 8.25, 1.625], "texture": "#0"},
				"up": {"uv": [8.75, 5, 6.75, 4.75], "texture": "#0"},
				"down": {"uv": [8.75, 5, 6.75, 5.25], "texture": "#0"}
			}
		},
		{
			"from": [14, 9, 2],
			"to": [16, 14, 14],
			"faces": {
				"north": {"uv": [8, 3.25, 8.25, 3.875], "texture": "#0"},
				"east": {"uv": [6.25, 1, 7.75, 1.625], "texture": "#0"},
				"south": {"uv": [8, 6.5, 8.25, 7.125], "texture": "#0"},
				"west": {"uv": [0, 6.5, 1.5, 7.125], "texture": "#0"},
				"up": {"uv": [3.25, 8.25, 3, 6.75], "texture": "#0"},
				"down": {"uv": [3.5, 6.75, 3.25, 8.25], "texture": "#0"}
			}
		},
		{
			"from": [0, 9, 2],
			"to": [2, 14, 14],
			"faces": {
				"north": {"uv": [8, 7.5, 8.25, 8.125], "texture": "#0"},
				"east": {"uv": [4.75, 6.5, 6.25, 7.125], "texture": "#0"},
				"south": {"uv": [0, 8.125, 0.25, 8.75], "texture": "#0"},
				"west": {"uv": [6.25, 6.5, 7.75, 7.125], "texture": "#0"},
				"up": {"uv": [3.75, 8.25, 3.5, 6.75], "texture": "#0"},
				"down": {"uv": [1.75, 6.875, 1.5, 8.375], "texture": "#0"}
			}
		},
		{
			"from": [9, 2, 2],
			"to": [10.7, 8, 14],
			"rotation": {"angle": 45, "axis": "z", "origin": [0, 0, 0]},
			"faces": {
				"north": {"uv": [0, 7.375, 0.25, 8.125], "texture": "#0"},
				"east": {"uv": [5.25, 4.25, 6.75, 5], "texture": "#0"},
				"south": {"uv": [0.25, 7.375, 0.5, 8.125], "texture": "#0"},
				"west": {"uv": [5.25, 5, 6.75, 5.75], "texture": "#0"},
				"up": {"uv": [2, 8.375, 1.75, 6.875], "texture": "#0"},
				"down": {"uv": [2.25, 6.875, 2, 8.375], "texture": "#0"}
			}
		},
		{
			"from": [13.3, -2.3, 2],
			"to": [19.3, -0.6, 14],
			"rotation": {"angle": 45, "axis": "z", "origin": [0, 0, 0]},
			"faces": {
				"north": {"uv": [0.5, 7.375, 1.25, 7.625], "texture": "#0"},
				"east": {"uv": [6.75, 5.25, 8.25, 5.5], "texture": "#0"},
				"south": {"uv": [3.75, 7.375, 4.5, 7.625], "texture": "#0"},
				"west": {"uv": [6.75, 5.5, 8.25, 5.75], "texture": "#0"},
				"up": {"uv": [3.75, 6.75, 3, 5.25], "texture": "#0"},
				"down": {"uv": [6.25, 0, 5.5, 1.5], "texture": "#0"}
			}
		},
		{
			"from": [2, -2.3, 13.3],
			"to": [14, -0.6, 19.3],
			"rotation": {"angle": -45, "axis": "x", "origin": [0, 0, 0]},
			"faces": {
				"north": {"uv": [6.75, 5.75, 8.25, 6], "texture": "#0"},
				"east": {"uv": [7.5, 2.25, 8.25, 2.5], "texture": "#0"},
				"south": {"uv": [6.75, 6, 8.25, 6.25], "texture": "#0"},
				"west": {"uv": [7.5, 2.5, 8.25, 2.75], "texture": "#0"},
				"up": {"uv": [5.25, 6.375, 3.75, 5.625], "texture": "#0"},
				"down": {"uv": [1.5, 5.75, 0, 6.5], "texture": "#0"}
			}
		},
		{
			"from": [2, 9, -8],
			"to": [14, 10.7, -2],
			"rotation": {"angle": 45, "axis": "x", "origin": [0, 0, 0]},
			"faces": {
				"north": {"uv": [6.75, 6.25, 8.25, 6.5], "texture": "#0"},
				"east": {"uv": [7.5, 2.75, 8.25, 3], "texture": "#0"},
				"south": {"uv": [0, 7.125, 1.5, 7.375], "texture": "#0"},
				"west": {"uv": [7.5, 3, 8.25, 3.25], "texture": "#0"},
				"up": {"uv": [6.75, 6.5, 5.25, 5.75], "texture": "#0"},
				"down": {"uv": [3, 6.125, 1.5, 6.875], "texture": "#0"}
			}
		},
		{
			"from": [0, 0, 0],
			"to": [2, 8, 2],
			"faces": {
				"north": {"uv": [1.5, 4, 1.75, 5], "texture": "#0"},
				"east": {"uv": [1.75, 4, 2, 5], "texture": "#0"},
				"south": {"uv": [2.25, 6.875, 2.5, 7.875], "texture": "#0"},
				"west": {"uv": [2.5, 6.875, 2.75, 7.875], "texture": "#0"},
				"up": {"uv": [6.5, 8.5, 6.25, 8.25], "texture": "#0"},
				"down": {"uv": [6.75, 8.25, 6.5, 8.5], "texture": "#0"}
			}
		},
		{
			"from": [-0.5, 0, -0.5],
			"to": [2.5, 1, 2.5],
			"faces": {
				"north": {"uv": [3.75, 8.375, 4.125, 8.5], "texture": "#0"},
				"east": {"uv": [4.125, 8.375, 4.5, 8.5], "texture": "#0"},
				"south": {"uv": [8.375, 5.25, 8.75, 5.375], "texture": "#0"},
				"west": {"uv": [8.375, 5.375, 8.75, 5.5], "texture": "#0"},
				"up": {"uv": [8.625, 0.875, 8.25, 0.5], "texture": "#0"},
				"down": {"uv": [8.625, 1, 8.25, 1.375], "texture": "#0"}
			}
		},
		{
			"from": [14, 0, 0],
			"to": [16, 8, 2],
			"faces": {
				"north": {"uv": [2.75, 6.875, 3, 7.875], "texture": "#0"},
				"east": {"uv": [7.25, 2, 7.5, 3], "texture": "#0"},
				"south": {"uv": [7.25, 3, 7.5, 4], "texture": "#0"},
				"west": {"uv": [4.75, 7.25, 5, 8.25], "texture": "#0"},
				"up": {"uv": [8.5, 6.75, 8.25, 6.5], "texture": "#0"},
				"down": {"uv": [7, 8.25, 6.75, 8.5], "texture": "#0"}
			}
		},
		{
			"from": [13.5, 0, 13.5],
			"to": [16.5, 1, 16.5],
			"faces": {
				"north": {"uv": [8.375, 5.5, 8.75, 5.625], "texture": "#0"},
				"east": {"uv": [8.375, 5.625, 8.75, 5.75], "texture": "#0"},
				"south": {"uv": [8.375, 5.75, 8.75, 5.875], "texture": "#0"},
				"west": {"uv": [8.375, 5.875, 8.75, 6], "texture": "#0"},
				"up": {"uv": [8.625, 2.625, 8.25, 2.25], "texture": "#0"},
				"down": {"uv": [8.625, 2.625, 8.25, 3], "texture": "#0"}
			}
		},
		{
			"from": [0, 0, 14],
			"to": [2, 8, 16],
			"faces": {
				"north": {"uv": [5, 7.25, 5.25, 8.25], "texture": "#0"},
				"east": {"uv": [5.25, 7.25, 5.5, 8.25], "texture": "#0"},
				"south": {"uv": [5.5, 7.25, 5.75, 8.25], "texture": "#0"},
				"west": {"uv": [5.75, 7.25, 6, 8.25], "texture": "#0"},
				"up": {"uv": [8.5, 7, 8.25, 6.75], "texture": "#0"},
				"down": {"uv": [7.25, 8.25, 7, 8.5], "texture": "#0"}
			}
		},
		{
			"from": [-0.5, 0, 13.5],
			"to": [2.5, 1, 16.5],
			"faces": {
				"north": {"uv": [8.375, 6, 8.75, 6.125], "texture": "#0"},
				"east": {"uv": [8.375, 6.125, 8.75, 6.25], "texture": "#0"},
				"south": {"uv": [8.375, 6.25, 8.75, 6.375], "texture": "#0"},
				"west": {"uv": [8.375, 6.375, 8.75, 6.5], "texture": "#0"},
				"up": {"uv": [3.375, 8.625, 3, 8.25], "texture": "#0"},
				"down": {"uv": [8.625, 3, 8.25, 3.375], "texture": "#0"}
			}
		},
		{
			"from": [14, 0, 14],
			"to": [16, 8, 16],
			"faces": {
				"north": {"uv": [6, 7.25, 6.25, 8.25], "texture": "#0"},
				"east": {"uv": [6.25, 7.25, 6.5, 8.25], "texture": "#0"},
				"south": {"uv": [6.5, 7.25, 6.75, 8.25], "texture": "#0"},
				"west": {"uv": [6.75, 7.25, 7, 8.25], "texture": "#0"},
				"up": {"uv": [7.5, 8.5, 7.25, 8.25], "texture": "#0"},
				"down": {"uv": [7.75, 8.25, 7.5, 8.5], "texture": "#0"}
			}
		},
		{
			"from": [13.5, 0, -0.5],
			"to": [16.5, 1, 2.5],
			"faces": {
				"north": {"uv": [8.375, 8.125, 8.75, 8.25], "texture": "#0"},
				"east": {"uv": [8.375, 8.25, 8.75, 8.375], "texture": "#0"},
				"south": {"uv": [8.375, 8.375, 8.75, 8.5], "texture": "#0"},
				"west": {"uv": [0.5, 8.5, 0.875, 8.625], "texture": "#0"},
				"up": {"uv": [3.75, 8.625, 3.375, 8.25], "texture": "#0"},
				"down": {"uv": [8.625, 3.375, 8.25, 3.75], "texture": "#0"}
			}
		},
		{
			"from": [4, 1, 14],
			"to": [6, 7, 15],
			"faces": {
				"north": {"uv": [1.25, 7.375, 1.5, 8.125], "texture": "#0"},
				"east": {"uv": [0.25, 8.125, 0.375, 8.875], "texture": "#0"},
				"south": {"uv": [4.5, 7.375, 4.75, 8.125], "texture": "#0"},
				"west": {"uv": [0.375, 8.125, 0.5, 8.875], "texture": "#0"},
				"up": {"uv": [8.25, 4, 8, 3.875], "texture": "#0"},
				"down": {"uv": [1.75, 8.5, 1.5, 8.625], "texture": "#0"}
			}
		},
		{
			"from": [10, 1, 14],
			"to": [12, 7, 15],
			"faces": {
				"north": {"uv": [7.5, 3.25, 7.75, 4], "texture": "#0"},
				"east": {"uv": [1.25, 8.125, 1.375, 8.875], "texture": "#0"},
				"south": {"uv": [7, 7.5, 7.25, 8.25], "texture": "#0"},
				"west": {"uv": [1.375, 8.125, 1.5, 8.875], "texture": "#0"},
				"up": {"uv": [3, 8.625, 2.75, 8.5], "texture": "#0"},
				"down": {"uv": [4, 8.5, 3.75, 8.625], "texture": "#0"}
			}
		},
		{
			"from": [1, 1, 4],
			"to": [2, 7, 6],
			"faces": {
				"north": {"uv": [4.5, 8.125, 4.625, 8.875], "texture": "#0"},
				"east": {"uv": [7.25, 7.5, 7.5, 8.25], "texture": "#0"},
				"south": {"uv": [4.625, 8.125, 4.75, 8.875], "texture": "#0"},
				"west": {"uv": [7.5, 7.5, 7.75, 8.25], "texture": "#0"},
				"up": {"uv": [1.25, 8.75, 1.125, 8.5], "texture": "#0"},
				"down": {"uv": [1.875, 8.5, 1.75, 8.75], "texture": "#0"}
			}
		},
		{
			"from": [1, 1, 10],
			"to": [2, 7, 12],
			"faces": {
				"north": {"uv": [4.75, 8.25, 4.875, 9], "texture": "#0"},
				"east": {"uv": [0.5, 7.625, 0.75, 8.375], "texture": "#0"},
				"south": {"uv": [4.875, 8.25, 5, 9], "texture": "#0"},
				"west": {"uv": [0.75, 7.625, 1, 8.375], "texture": "#0"},
				"up": {"uv": [4.125, 8.75, 4, 8.5], "texture": "#0"},
				"down": {"uv": [4.25, 8.5, 4.125, 8.75], "texture": "#0"}
			}
		},
		{
			"from": [10, 1, 1],
			"to": [12, 7, 2],
			"faces": {
				"north": {"uv": [1, 7.625, 1.25, 8.375], "texture": "#0"},
				"east": {"uv": [5, 8.25, 5.125, 9], "texture": "#0"},
				"south": {"uv": [3.75, 7.625, 4, 8.375], "texture": "#0"},
				"west": {"uv": [5.125, 8.25, 5.25, 9], "texture": "#0"},
				"up": {"uv": [4.5, 8.625, 4.25, 8.5], "texture": "#0"},
				"down": {"uv": [6.5, 8.5, 6.25, 8.625], "texture": "#0"}
			}
		},
		{
			"from": [4, 1, 1],
			"to": [6, 7, 2],
			"faces": {
				"north": {"uv": [4, 7.625, 4.25, 8.375], "texture": "#0"},
				"east": {"uv": [5.25, 8.25, 5.375, 9], "texture": "#0"},
				"south": {"uv": [4.25, 7.625, 4.5, 8.375], "texture": "#0"},
				"west": {"uv": [8.25, 5.25, 8.375, 6], "texture": "#0"},
				"up": {"uv": [6.75, 8.625, 6.5, 8.5], "texture": "#0"},
				"down": {"uv": [8.75, 6.5, 8.5, 6.625], "texture": "#0"}
			}
		},
		{
			"from": [14, 1, 10],
			"to": [15, 7, 12],
			"faces": {
				"north": {"uv": [5.375, 8.25, 5.5, 9], "texture": "#0"},
				"east": {"uv": [7.75, 3.25, 8, 4], "texture": "#0"},
				"south": {"uv": [5.5, 8.25, 5.625, 9], "texture": "#0"},
				"west": {"uv": [7.75, 7.5, 8, 8.25], "texture": "#0"},
				"up": {"uv": [8.625, 6.875, 8.5, 6.625], "texture": "#0"},
				"down": {"uv": [6.875, 8.5, 6.75, 8.75], "texture": "#0"}
			}
		},
		{
			"from": [14, 1, 4],
			"to": [15, 7, 6],
			"faces": {
				"north": {"uv": [5.625, 8.25, 5.75, 9], "texture": "#0"},
				"east": {"uv": [2.25, 7.875, 2.5, 8.625], "texture": "#0"},
				"south": {"uv": [5.75, 8.25, 5.875, 9], "texture": "#0"},
				"west": {"uv": [2.5, 7.875, 2.75, 8.625], "texture": "#0"},
				"up": {"uv": [7, 8.75, 6.875, 8.5], "texture": "#0"},
				"down": {"uv": [7.125, 8.5, 7, 8.75], "texture": "#0"}
			}
		}
	],
	"display": {
		"thirdperson_righthand": {
			"rotation": [16.25, 0, 0],
			"scale": [0.57, 0.57, 0.57]
		},
		"thirdperson_lefthand": {
			"scale": [0.57, 0.57, 0.57]
		},
		"firstperson_righthand": {
			"scale": [0.57, 0.57, 0.57]
		},
		"firstperson_lefthand": {
			"scale": [0.57, 0.57, 0.57]
		},
		"ground": {
			"translation": [0, 4.5, 0]
		},
		"gui": {
			"rotation": [90, 0, 0],
			"scale": [0.94, 0.94, 0.94]
		},
		"head": {
			"translation": [0, -31.25, 0],
			"scale": [1.49, 1.49, 1.49]
		},
		"fixed": {
			"rotation": [-90, 0, 0]
		}
	},
	"groups": [
		{
			"name": "group",
			"origin": [0, 0, 0],
			"color": 0,
			"children": [0, 1, 2, 3, 4, 5, 6, 7, 8, 9, 10, 11, 12, 13, 14, 15, 16, 17, 18, 19, 20, 21, 22, 23, 24, 25, 26, 27, 28, 29, 30, 31, 32, 33, 34, 35, 36, 37, 38, 39, 40]
		}
	]
}