{
	"credit": "Created with Blockbench [Exported as resourcepack with the \"resourcepack_packager\" plugin]",
	"texture_size": [128, 128],
	"textures": {
		"0": "iavegastables:custom/blocks/stairs"
	},
	"elements": [
		{
			"from": [0.5, 0, 11],
			"to": [15.5, 32, 12],
			"faces": {
				"north": {"uv": [0, 4, 1.875, 8], "texture": "#0"},
				"east": {"uv": [2.5, 8, 2.625, 12], "texture": "#0"},
				"south": {"uv": [4, 0, 5.875, 4], "texture": "#0"},
				"west": {"uv": [2.625, 8, 2.75, 12], "texture": "#0"},
				"up": {"uv": [10.125, 3.375, 8.25, 3.25], "texture": "#0"},
				"down": {"uv": [10.125, 3.375, 8.25, 3.5], "texture": "#0"}
			}
		},
		{
			"from": [0, 0, 0],
			"to": [16, 16, 11],
			"faces": {
				"north": {"uv": [1.875, 4, 3.875, 6], "texture": "#0"},
				"east": {"uv": [5.875, 4, 7.25, 6], "texture": "#0"},
				"south": {"uv": [3.875, 4, 5.875, 6], "texture": "#0"},
				"west": {"uv": [1.875, 6, 3.25, 8], "texture": "#0"},
				"up": {"uv": [5.25, 7.375, 3.25, 6], "texture": "#0"},
				"down": {"uv": [7.25, 6, 5.25, 7.375], "texture": "#0"}
			}
		},
		{
			"from": [-0.6, 12.6, 1.3],
			"to": [0, 14.2, 2.9],
			"faces": {
				"north": {"uv": [3.625, 8.75, 3.6875, 8.9375], "texture": "#0"},
				"east": {"uv": [8.625, 2.75, 8.8125, 2.9375], "texture": "#0"},
				"south": {"uv": [3.75, 8.75, 3.8125, 8.9375], "texture": "#0"},
				"west": {"uv": [8.625, 3, 8.8125, 3.1875], "texture": "#0"},
				"up": {"uv": [3.9375, 8.9375, 3.875, 8.75], "texture": "#0"},
				"down": {"uv": [4.0625, 8.75, 4, 8.9375], "texture": "#0"}
			}
		},
		{
			"from": [-0.4, 12.5, 1.2],
			"to": [0, 14.3, 3],
			"faces": {
				"north": {"uv": [8.625, 6.25, 8.6875, 6.46875], "texture": "#0"},
				"east": {"uv": [7, 7.75, 7.21875, 7.96875], "texture": "#0"},
				"south": {"uv": [8.625, 6.5, 8.6875, 6.71875], "texture": "#0"},
				"west": {"uv": [7, 8.5, 7.21875, 8.71875], "texture": "#0"},
				"up": {"uv": [8.6875, 6.96875, 8.625, 6.75], "texture": "#0"},
				"down": {"uv": [8.6875, 7, 8.625, 7.21875], "texture": "#0"}
			}
		},
		{
			"from": [-0.6, 12.6, 3.6],
			"to": [0, 14.2, 5.2],
			"faces": {
				"north": {"uv": [4.125, 8.75, 4.1875, 8.9375], "texture": "#0"},
				"east": {"uv": [8.625, 3.5, 8.8125, 3.6875], "texture": "#0"},
				"south": {"uv": [4.25, 8.75, 4.3125, 8.9375], "texture": "#0"},
				"west": {"uv": [8.625, 3.75, 8.8125, 3.9375], "texture": "#0"},
				"up": {"uv": [4.4375, 8.9375, 4.375, 8.75], "texture": "#0"},
				"down": {"uv": [4.5625, 8.75, 4.5, 8.9375], "texture": "#0"}
			}
		},
		{
			"from": [-0.4, 12.5, 3.5],
			"to": [0, 14.3, 5.3],
			"faces": {
				"north": {"uv": [8.625, 7.25, 8.6875, 7.46875], "texture": "#0"},
				"east": {"uv": [7.25, 8.5, 7.46875, 8.71875], "texture": "#0"},
				"south": {"uv": [8.625, 7.5, 8.6875, 7.71875], "texture": "#0"},
				"west": {"uv": [7.5, 8.5, 7.71875, 8.71875], "texture": "#0"},
				"up": {"uv": [8.6875, 7.96875, 8.625, 7.75], "texture": "#0"},
				"down": {"uv": [8.8125, 1.25, 8.75, 1.46875], "texture": "#0"}
			}
		},
		{
			"from": [-0.6, 12.6, 5.9],
			"to": [0, 14.2, 7.5],
			"faces": {
				"north": {"uv": [4.625, 8.75, 4.6875, 8.9375], "texture": "#0"},
				"east": {"uv": [8.625, 4, 8.8125, 4.1875], "texture": "#0"},
				"south": {"uv": [4.75, 8.75, 4.8125, 8.9375], "texture": "#0"},
				"west": {"uv": [8.625, 4.25, 8.8125, 4.4375], "texture": "#0"},
				"up": {"uv": [4.9375, 8.9375, 4.875, 8.75], "texture": "#0"},
				"down": {"uv": [5.0625, 8.75, 5, 8.9375], "texture": "#0"}
			}
		},
		{
			"from": [-0.4, 12.5, 5.8],
			"to": [0, 14.3, 7.6],
			"faces": {
				"north": {"uv": [8.75, 1.5, 8.8125, 1.71875], "texture": "#0"},
				"east": {"uv": [7.75, 8.5, 7.96875, 8.71875], "texture": "#0"},
				"south": {"uv": [8.75, 1.75, 8.8125, 1.96875], "texture": "#0"},
				"west": {"uv": [8, 8.5, 8.21875, 8.71875], "texture": "#0"},
				"up": {"uv": [8.8125, 2.21875, 8.75, 2], "texture": "#0"},
				"down": {"uv": [8.8125, 2.25, 8.75, 2.46875], "texture": "#0"}
			}
		},
		{
			"from": [-0.6, 12.6, 8.1],
			"to": [0, 14.2, 9.7],
			"faces": {
				"north": {"uv": [5.125, 8.75, 5.1875, 8.9375], "texture": "#0"},
				"east": {"uv": [8.625, 4.5, 8.8125, 4.6875], "texture": "#0"},
				"south": {"uv": [5.25, 8.75, 5.3125, 8.9375], "texture": "#0"},
				"west": {"uv": [8.625, 4.75, 8.8125, 4.9375], "texture": "#0"},
				"up": {"uv": [5.4375, 8.9375, 5.375, 8.75], "texture": "#0"},
				"down": {"uv": [5.5625, 8.75, 5.5, 8.9375], "texture": "#0"}
			}
		},
		{
			"from": [-0.4, 12.5, 8],
			"to": [0, 14.3, 9.8],
			"faces": {
				"north": {"uv": [8.75, 2.5, 8.8125, 2.71875], "texture": "#0"},
				"east": {"uv": [8.25, 8.5, 8.46875, 8.71875], "texture": "#0"},
				"south": {"uv": [3.25, 8.75, 3.3125, 8.96875], "texture": "#0"},
				"west": {"uv": [8.5, 8.5, 8.71875, 8.71875], "texture": "#0"},
				"up": {"uv": [3.4375, 8.96875, 3.375, 8.75], "texture": "#0"},
				"down": {"uv": [3.5625, 8.75, 3.5, 8.96875], "texture": "#0"}
			}
		},
		{
			"from": [1, 16, 0],
			"to": [16, 32, 11],
			"faces": {
				"north": {"uv": [5.875, 0, 7.75, 2], "texture": "#0"},
				"east": {"uv": [7.25, 4, 8.625, 6], "texture": "#0"},
				"south": {"uv": [5.875, 2, 7.75, 4], "texture": "#0"},
				"west": {"uv": [7.25, 6, 8.625, 8], "texture": "#0"},
				"up": {"uv": [5.125, 8.75, 3.25, 7.375], "texture": "#0"},
				"down": {"uv": [7, 7.375, 5.125, 8.75], "texture": "#0"}
			}
		},
		{
			"from": [0, 16, 0],
			"to": [1, 32, 1],
			"faces": {
				"north": {"uv": [2.75, 8, 2.875, 10], "texture": "#0"},
				"east": {"uv": [2.875, 8, 3, 10], "texture": "#0"},
				"south": {"uv": [3, 8, 3.125, 10], "texture": "#0"},
				"west": {"uv": [3.125, 8, 3.25, 10], "texture": "#0"},
				"up": {"uv": [8.375, 4, 8.25, 3.875], "texture": "#0"},
				"down": {"uv": [8.5, 3.875, 8.375, 4], "texture": "#0"}
			}
		},
		{
			"from": [0, 30, 1],
			"to": [1, 32, 10],
			"faces": {
				"north": {"uv": [8.625, 5.75, 8.75, 6], "texture": "#0"},
				"east": {"uv": [8.25, 0.75, 9.375, 1], "texture": "#0"},
				"south": {"uv": [8.625, 6, 8.75, 6.25], "texture": "#0"},
				"west": {"uv": [8.25, 1, 9.375, 1.25], "texture": "#0"},
				"up": {"uv": [0.875, 9.625, 0.75, 8.5], "texture": "#0"},
				"down": {"uv": [1, 8.5, 0.875, 9.625], "texture": "#0"}
			}
		},
		{
			"from": [0, 24, 1],
			"to": [1, 27, 10],
			"faces": {
				"north": {"uv": [8.625, 2, 8.75, 2.375], "texture": "#0"},
				"east": {"uv": [8.25, 0, 9.375, 0.375], "texture": "#0"},
				"south": {"uv": [8.625, 2.375, 8.75, 2.75], "texture": "#0"},
				"west": {"uv": [8.25, 0.375, 9.375, 0.75], "texture": "#0"},
				"up": {"uv": [1.125, 9.625, 1, 8.5], "texture": "#0"},
				"down": {"uv": [1.25, 8.5, 1.125, 9.625], "texture": "#0"}
			}
		},
		{
			"from": [0, 16, 10],
			"to": [1, 32, 11],
			"faces": {
				"north": {"uv": [8.25, 1.25, 8.375, 3.25], "texture": "#0"},
				"east": {"uv": [8.375, 1.25, 8.5, 3.25], "texture": "#0"},
				"south": {"uv": [0.5, 8.5, 0.625, 10.5], "texture": "#0"},
				"west": {"uv": [0.625, 8.5, 0.75, 10.5], "texture": "#0"},
				"up": {"uv": [8.625, 3.25, 8.5, 3.125], "texture": "#0"},
				"down": {"uv": [8.625, 3.875, 8.5, 4], "texture": "#0"}
			}
		},
		{
			"from": [0, 0, 12],
			"to": [16, 32, 16],
			"faces": {
				"north": {"uv": [0, 0, 2, 4], "texture": "#0"},
				"east": {"uv": [7.75, 0, 8.25, 4], "texture": "#0"},
				"south": {"uv": [2, 0, 4, 4], "texture": "#0"},
				"west": {"uv": [0, 8, 0.5, 12], "texture": "#0"},
				"up": {"uv": [2.5, 8.5, 0.5, 8], "texture": "#0"},
				"down": {"uv": [9, 8, 7, 8.5], "texture": "#0"}
			}
		},
		{
			"from": [7.6, 18, 12.7],
			"to": [9.6, 22, 15.3],
			"rotation": {"angle": 22.5, "axis": "z", "origin": [0, 0, 0]},
			"faces": {
				"north": {"uv": [7, 7.375, 7.25, 7.75], "texture": "#0"},
				"east": {"uv": [8.25, 3.5, 8.625, 3.875], "texture": "#0"},
				"south": {"uv": [8.5, 1.25, 8.75, 1.625], "texture": "#0"},
				"west": {"uv": [1.25, 8.5, 1.625, 8.875], "texture": "#0"},
				"up": {"uv": [1.875, 8.875, 1.625, 8.5], "texture": "#0"},
				"down": {"uv": [8.75, 1.625, 8.5, 2], "texture": "#0"}
			}
		}
	],
	"display": {
		"thirdperson_righthand": {
			"rotation": [6, -90, -48],
			"scale": [0.5, 0.5, 0.5]
		},
		"thirdperson_lefthand": {
			"rotation": [6, 90, 48],
			"scale": [0.5, 0.5, 0.5]
		},
		"firstperson_righthand": {
			"rotation": [0, 90, 0],
			"translation": [0, 0.5, -1],
			"scale": [0.5, 0.5, 0.5]
		},
		"firstperson_lefthand": {
			"rotation": [0, -90, 0],
			"translation": [0, 0.5, -1],
			"scale": [0.5, 0.5, 0.5]
		},
		"ground": {
			"translation": [0, 5, 0]
		},
		"gui": {
			"rotation": [0, 90, 0]
		},
		"head": {
			"rotation": [180, -90, 180],
			"translation": [0, -31.25, 0],
			"scale": [1.49, 1.49, 1.49]
		},
		"fixed": {
			"rotation": [0, -90, 0]
		}
	},
	"groups": [
		{
			"name": "group",
			"origin": [0, 0, 0],
			"color": 0,
			"children": [0, 1, 2, 3, 4, 5, 6, 7, 8, 9, 10, 11, 12, 13, 14, 15, 16]
		}
	]
}