{
	"credit": "Created with Blockbench [Exported as resourcepack with the \"resourcepack_packager\" plugin]",
	"texture_size": [128, 128],
	"textures": {
		"0": "iavegastables:custom/blocks/tictactoe"
	},
	"elements": [
		{
			"from": [2, 0, 2],
			"to": [4, 10, 4],
			"faces": {
				"north": {"uv": [7.5, 0, 8, 2.5], "texture": "#0"},
				"east": {"uv": [7.5, 2.5, 8, 5], "texture": "#0"},
				"south": {"uv": [0, 8, 0.5, 10.5], "texture": "#0"},
				"west": {"uv": [8, 0, 8.5, 2.5], "texture": "#0"},
				"up": {"uv": [8, 7, 7.5, 6.5], "texture": "#0"},
				"down": {"uv": [7.25, 9.5, 6.75, 10], "texture": "#0"}
			}
		},
		{
			"from": [11.5, 0, 1.5],
			"to": [14.5, 1, 4.5],
			"faces": {
				"north": {"uv": [10.25, 3.25, 11, 3.5], "texture": "#0"},
				"east": {"uv": [5.25, 10.25, 6, 10.5], "texture": "#0"},
				"south": {"uv": [6.75, 10.25, 7.5, 10.5], "texture": "#0"},
				"west": {"uv": [7.5, 10.25, 8.25, 10.5], "texture": "#0"},
				"up": {"uv": [8.25, 5.75, 7.5, 5], "texture": "#0"},
				"down": {"uv": [8.25, 5.75, 7.5, 6.5], "texture": "#0"}
			}
		},
		{
			"from": [12, 0, 12],
			"to": [14, 10, 14],
			"faces": {
				"north": {"uv": [0.5, 8, 1, 10.5], "texture": "#0"},
				"east": {"uv": [1, 8, 1.5, 10.5], "texture": "#0"},
				"south": {"uv": [1.5, 8, 2, 10.5], "texture": "#0"},
				"west": {"uv": [2, 8, 2.5, 10.5], "texture": "#0"},
				"up": {"uv": [7.75, 10, 7.25, 9.5], "texture": "#0"},
				"down": {"uv": [8.25, 9.5, 7.75, 10], "texture": "#0"}
			}
		},
		{
			"from": [12.5, 5.5, 4],
			"to": [13.5, 6.5, 12],
			"faces": {
				"north": {"uv": [8, 6.5, 8.25, 6.75], "texture": "#0"},
				"east": {"uv": [9.5, 3.5, 11.5, 3.75], "texture": "#0"},
				"south": {"uv": [8, 6.75, 8.25, 7], "texture": "#0"},
				"west": {"uv": [9.5, 3.75, 11.5, 4], "texture": "#0"},
				"up": {"uv": [8.5, 7, 8.25, 5], "texture": "#0"},
				"down": {"uv": [4.25, 9.5, 4, 11.5], "texture": "#0"}
			}
		},
		{
			"from": [2.5, 5.5, 4],
			"to": [3.5, 6.5, 12],
			"faces": {
				"north": {"uv": [8.25, 9.5, 8.5, 9.75], "texture": "#0"},
				"east": {"uv": [9.5, 4, 11.5, 4.25], "texture": "#0"},
				"south": {"uv": [8.25, 9.75, 8.5, 10], "texture": "#0"},
				"west": {"uv": [4.25, 9.5, 6.25, 9.75], "texture": "#0"},
				"up": {"uv": [6.5, 11.5, 6.25, 9.5], "texture": "#0"},
				"down": {"uv": [6.75, 9.5, 6.5, 11.5], "texture": "#0"}
			}
		},
		{
			"from": [4, 5.5, 2.5],
			"to": [12, 6.5, 3.5],
			"faces": {
				"north": {"uv": [9.5, 4.25, 11.5, 4.5], "texture": "#0"},
				"east": {"uv": [0, 10.75, 0.25, 11], "texture": "#0"},
				"south": {"uv": [9.5, 4.5, 11.5, 4.75], "texture": "#0"},
				"west": {"uv": [0.25, 10.75, 0.5, 11], "texture": "#0"},
				"up": {"uv": [11.5, 5, 9.5, 4.75], "texture": "#0"},
				"down": {"uv": [11.5, 5, 9.5, 5.25], "texture": "#0"}
			}
		},
		{
			"from": [4, 5.5, 12.5],
			"to": [12, 6.5, 13.5],
			"faces": {
				"north": {"uv": [9.5, 5.25, 11.5, 5.5], "texture": "#0"},
				"east": {"uv": [0.5, 10.75, 0.75, 11], "texture": "#0"},
				"south": {"uv": [4.25, 9.75, 6.25, 10], "texture": "#0"},
				"west": {"uv": [0.75, 10.75, 1, 11], "texture": "#0"},
				"up": {"uv": [6.25, 10.25, 4.25, 10], "texture": "#0"},
				"down": {"uv": [12, 6.5, 10, 6.75], "texture": "#0"}
			}
		},
		{
			"from": [1.5, 0, 11.5],
			"to": [4.5, 1, 14.5],
			"faces": {
				"north": {"uv": [8.25, 10.25, 9, 10.5], "texture": "#0"},
				"east": {"uv": [9.25, 10.25, 10, 10.5], "texture": "#0"},
				"south": {"uv": [10, 10.25, 10.75, 10.5], "texture": "#0"},
				"west": {"uv": [0, 10.5, 0.75, 10.75], "texture": "#0"},
				"up": {"uv": [10, 7.25, 9.25, 6.5], "texture": "#0"},
				"down": {"uv": [10, 7.25, 9.25, 8], "texture": "#0"}
			}
		},
		{
			"from": [2, 0, 12],
			"to": [4, 10, 14],
			"faces": {
				"north": {"uv": [2.5, 8, 3, 10.5], "texture": "#0"},
				"east": {"uv": [8, 2.5, 8.5, 5], "texture": "#0"},
				"south": {"uv": [3, 8, 3.5, 10.5], "texture": "#0"},
				"west": {"uv": [3.5, 8, 4, 10.5], "texture": "#0"},
				"up": {"uv": [10.75, 2.75, 10.25, 2.25], "texture": "#0"},
				"down": {"uv": [10.75, 2.75, 10.25, 3.25], "texture": "#0"}
			}
		},
		{
			"from": [0, 10, 0],
			"to": [16, 11, 16],
			"faces": {
				"north": {"uv": [9, 0, 13, 0.25], "texture": "#0"},
				"east": {"uv": [9, 0.25, 13, 0.5], "texture": "#0"},
				"south": {"uv": [9, 0.5, 13, 0.75], "texture": "#0"},
				"west": {"uv": [9, 0.75, 13, 1], "texture": "#0"},
				"up": {"uv": [4, 4, 0, 0], "texture": "#0"},
				"down": {"uv": [4, 4, 0, 8], "texture": "#0"}
			}
		},
		{
			"from": [0, 11, 0],
			"to": [16, 11.5, 1],
			"faces": {
				"north": {"uv": [10, 6.75, 14, 6.875], "texture": "#0"},
				"east": {"uv": [10.75, 2.25, 11, 2.375], "texture": "#0"},
				"south": {"uv": [10, 7, 14, 7.125], "texture": "#0"},
				"west": {"uv": [2.5, 10.75, 2.75, 10.875], "texture": "#0"},
				"up": {"uv": [13, 1.25, 9, 1], "texture": "#0"},
				"down": {"uv": [13, 1.25, 9, 1.5], "texture": "#0"}
			}
		},
		{
			"from": [0, 11, 15],
			"to": [16, 11.5, 16],
			"faces": {
				"north": {"uv": [10, 7.25, 14, 7.375], "texture": "#0"},
				"east": {"uv": [10.75, 2.5, 11, 2.625], "texture": "#0"},
				"south": {"uv": [10, 7.5, 14, 7.625], "texture": "#0"},
				"west": {"uv": [2.75, 10.75, 3, 10.875], "texture": "#0"},
				"up": {"uv": [13, 1.75, 9, 1.5], "texture": "#0"},
				"down": {"uv": [13, 1.75, 9, 2], "texture": "#0"}
			}
		},
		{
			"from": [0, 11, 1],
			"to": [1, 11.5, 15],
			"faces": {
				"north": {"uv": [10.75, 2.75, 11, 2.875], "texture": "#0"},
				"east": {"uv": [10, 7.75, 13.5, 7.875], "texture": "#0"},
				"south": {"uv": [3, 10.75, 3.25, 10.875], "texture": "#0"},
				"west": {"uv": [10, 8.5, 13.5, 8.625], "texture": "#0"},
				"up": {"uv": [9.25, 5.5, 9, 2], "texture": "#0"},
				"down": {"uv": [9.25, 5.5, 9, 9], "texture": "#0"}
			}
		},
		{
			"from": [15, 11, 1],
			"to": [16, 11.5, 15],
			"faces": {
				"north": {"uv": [10.75, 3, 11, 3.125], "texture": "#0"},
				"east": {"uv": [10, 8.75, 13.5, 8.875], "texture": "#0"},
				"south": {"uv": [3.25, 10.75, 3.5, 10.875], "texture": "#0"},
				"west": {"uv": [10, 9, 13.5, 9.125], "texture": "#0"},
				"up": {"uv": [9.25, 12.5, 9, 9], "texture": "#0"},
				"down": {"uv": [9.5, 2, 9.25, 5.5], "texture": "#0"}
			}
		},
		{
			"from": [3.5, 11, 3],
			"to": [12.5, 11.5, 12.6],
			"faces": {
				"north": {"uv": [6.75, 10, 9, 10.125], "texture": "#0"},
				"east": {"uv": [9.25, 10, 11.625, 10.125], "texture": "#0"},
				"south": {"uv": [10, 9.5, 12.25, 9.625], "texture": "#0"},
				"west": {"uv": [10, 9.25, 12.375, 9.375], "texture": "#0"},
				"up": {"uv": [6.25, 9.375, 4, 7], "texture": "#0"},
				"down": {"uv": [8.5, 7, 6.25, 9.375], "texture": "#0"}
			}
		},
		{
			"from": [1.5, 11, 3],
			"to": [2.5, 11.5, 4],
			"faces": {
				"north": {"uv": [10.75, 10.75, 11, 10.875], "texture": "#0"},
				"east": {"uv": [0, 11, 0.25, 11.125], "texture": "#0"},
				"south": {"uv": [0.25, 11, 0.5, 11.125], "texture": "#0"},
				"west": {"uv": [0.5, 11, 0.75, 11.125], "texture": "#0"},
				"up": {"uv": [8.5, 11, 8.25, 10.75], "texture": "#0"},
				"down": {"uv": [8.75, 10.75, 8.5, 11], "texture": "#0"}
			}
		},
		{
			"from": [1.4, 11.5, 3.2],
			"to": [2.4, 12, 4.2],
			"faces": {
				"north": {"uv": [10, 10.75, 10.25, 10.875], "texture": "#0"},
				"east": {"uv": [10.25, 10.75, 10.5, 10.875], "texture": "#0"},
				"south": {"uv": [10.75, 10.25, 11, 10.375], "texture": "#0"},
				"west": {"uv": [10.5, 10.75, 10.75, 10.875], "texture": "#0"},
				"up": {"uv": [8, 11, 7.75, 10.75], "texture": "#0"},
				"down": {"uv": [8.25, 10.75, 8, 11], "texture": "#0"}
			}
		},
		{
			"from": [1.6, 12, 3.2],
			"to": [2.6, 12.5, 4.2],
			"faces": {
				"north": {"uv": [8.75, 10.75, 9, 10.875], "texture": "#0"},
				"east": {"uv": [9.25, 10.75, 9.5, 10.875], "texture": "#0"},
				"south": {"uv": [9.5, 10.75, 9.75, 10.875], "texture": "#0"},
				"west": {"uv": [9.75, 10.75, 10, 10.875], "texture": "#0"},
				"up": {"uv": [7.5, 11, 7.25, 10.75], "texture": "#0"},
				"down": {"uv": [7.75, 10.75, 7.5, 11], "texture": "#0"}
			}
		},
		{
			"from": [2, 11, 4.3],
			"to": [3, 11.5, 5.3],
			"faces": {
				"north": {"uv": [10.75, 10.75, 11, 10.875], "texture": "#0"},
				"east": {"uv": [0, 11, 0.25, 11.125], "texture": "#0"},
				"south": {"uv": [0.25, 11, 0.5, 11.125], "texture": "#0"},
				"west": {"uv": [0.5, 11, 0.75, 11.125], "texture": "#0"},
				"up": {"uv": [8.5, 11, 8.25, 10.75], "texture": "#0"},
				"down": {"uv": [8.75, 10.75, 8.5, 11], "texture": "#0"}
			}
		},
		{
			"from": [1.9, 11.5, 4.5],
			"to": [2.9, 12, 5.5],
			"faces": {
				"north": {"uv": [10, 10.75, 10.25, 10.875], "texture": "#0"},
				"east": {"uv": [10.25, 10.75, 10.5, 10.875], "texture": "#0"},
				"south": {"uv": [10.75, 10.25, 11, 10.375], "texture": "#0"},
				"west": {"uv": [10.5, 10.75, 10.75, 10.875], "texture": "#0"},
				"up": {"uv": [8, 11, 7.75, 10.75], "texture": "#0"},
				"down": {"uv": [8.25, 10.75, 8, 11], "texture": "#0"}
			}
		},
		{
			"from": [2.1, 12, 4.5],
			"to": [3.1, 12.5, 5.5],
			"faces": {
				"north": {"uv": [8.75, 10.75, 9, 10.875], "texture": "#0"},
				"east": {"uv": [9.25, 10.75, 9.5, 10.875], "texture": "#0"},
				"south": {"uv": [9.5, 10.75, 9.75, 10.875], "texture": "#0"},
				"west": {"uv": [9.75, 10.75, 10, 10.875], "texture": "#0"},
				"up": {"uv": [7.5, 11, 7.25, 10.75], "texture": "#0"},
				"down": {"uv": [7.75, 10.75, 7.5, 11], "texture": "#0"}
			}
		},
		{
			"from": [13.8, 11, 5],
			"to": [14.3, 11.5, 7.6],
			"faces": {
				"north": {"uv": [4.5, 10.75, 4.625, 10.875], "texture": "#0"},
				"east": {"uv": [9.25, 10.5, 10.125, 10.625], "texture": "#0"},
				"south": {"uv": [4.75, 10.75, 4.875, 10.875], "texture": "#0"},
				"west": {"uv": [10.25, 10.5, 11.125, 10.625], "texture": "#0"},
				"up": {"uv": [6.125, 11.125, 6, 10.25], "texture": "#0"},
				"down": {"uv": [3.875, 10.5, 3.75, 11.375], "texture": "#0"}
			}
		},
		{
			"from": [13.85, 11, 4],
			"to": [14.25, 11.5, 5],
			"faces": {
				"north": {"uv": [4.5, 10.75, 4.625, 10.875], "texture": "#0"},
				"east": {"uv": [9.25, 10.5, 10.125, 10.625], "texture": "#0"},
				"south": {"uv": [4.75, 10.75, 4.875, 10.875], "texture": "#0"},
				"west": {"uv": [10.25, 10.5, 11.125, 10.625], "texture": "#0"},
				"up": {"uv": [6.125, 11.125, 6, 10.25], "texture": "#0"},
				"down": {"uv": [3.875, 10.5, 3.75, 11.375], "texture": "#0"}
			}
		},
		{
			"from": [13.7, 10.9, 7.6],
			"to": [14.4, 11.6, 8.2],
			"faces": {
				"north": {"uv": [2, 10.75, 2.1875, 10.9375], "texture": "#0"},
				"east": {"uv": [1, 10.75, 1.25, 10.9375], "texture": "#0"},
				"south": {"uv": [2.25, 10.75, 2.4375, 10.9375], "texture": "#0"},
				"west": {"uv": [1.25, 10.75, 1.5, 10.9375], "texture": "#0"},
				"up": {"uv": [1.6875, 11, 1.5, 10.75], "texture": "#0"},
				"down": {"uv": [1.9375, 10.75, 1.75, 11], "texture": "#0"}
			}
		},
		{
			"from": [13.9, 11.1, 3.5],
			"to": [14.2, 11.4, 4],
			"faces": {
				"north": {"uv": [6.75, 10.75, 6.8125, 10.8125], "texture": "#0"},
				"east": {"uv": [5, 10.75, 5.125, 10.8125], "texture": "#0"},
				"south": {"uv": [7, 10.75, 7.0625, 10.8125], "texture": "#0"},
				"west": {"uv": [5.25, 10.75, 5.375, 10.8125], "texture": "#0"},
				"up": {"uv": [5.5625, 10.875, 5.5, 10.75], "texture": "#0"},
				"down": {"uv": [5.8125, 10.75, 5.75, 10.875], "texture": "#0"}
			}
		},
		{
			"from": [3.5, 10.5, 12],
			"to": [12.5, 12, 13.1],
			"faces": {
				"north": {"uv": [10, 9.75, 12.25, 9.875], "texture": "#0"},
				"east": {"uv": [3.5, 10.75, 3.75, 10.875], "texture": "#0"},
				"south": {"uv": [10.25, 2, 12.5, 2.125], "texture": "#0"},
				"west": {"uv": [4.25, 10.75, 4.5, 10.875], "texture": "#0"},
				"up": {"uv": [11.5, 8.25, 9.25, 8], "texture": "#0"},
				"down": {"uv": [11.5, 8.25, 9.25, 8.5], "texture": "#0"}
			}
		},
		{
			"from": [1, 9, 1],
			"to": [15, 10, 15],
			"faces": {
				"north": {"uv": [9.25, 5.5, 12.75, 5.75], "texture": "#0"},
				"east": {"uv": [9.25, 5.75, 12.75, 6], "texture": "#0"},
				"south": {"uv": [9.25, 6, 12.75, 6.25], "texture": "#0"},
				"west": {"uv": [9.25, 6.25, 12.75, 6.5], "texture": "#0"},
				"up": {"uv": [7.5, 3.5, 4, 0], "texture": "#0"},
				"down": {"uv": [7.5, 3.5, 4, 7], "texture": "#0"}
			}
		},
		{
			"from": [11.5, 0, 11.5],
			"to": [14.5, 1, 14.5],
			"faces": {
				"north": {"uv": [0.75, 10.5, 1.5, 10.75], "texture": "#0"},
				"east": {"uv": [1.5, 10.5, 2.25, 10.75], "texture": "#0"},
				"south": {"uv": [2.25, 10.5, 3, 10.75], "texture": "#0"},
				"west": {"uv": [3, 10.5, 3.75, 10.75], "texture": "#0"},
				"up": {"uv": [10, 9.25, 9.25, 8.5], "texture": "#0"},
				"down": {"uv": [10, 9.25, 9.25, 10], "texture": "#0"}
			}
		},
		{
			"from": [12, 0, 2],
			"to": [14, 10, 4],
			"faces": {
				"north": {"uv": [8.5, 0, 9, 2.5], "texture": "#0"},
				"east": {"uv": [8.5, 2.5, 9, 5], "texture": "#0"},
				"south": {"uv": [8.5, 5, 9, 7.5], "texture": "#0"},
				"west": {"uv": [8.5, 7.5, 9, 10], "texture": "#0"},
				"up": {"uv": [4.75, 10.75, 4.25, 10.25], "texture": "#0"},
				"down": {"uv": [5.25, 10.25, 4.75, 10.75], "texture": "#0"}
			}
		},
		{
			"from": [1.5, 0, 1.5],
			"to": [4.5, 1, 4.5],
			"faces": {
				"north": {"uv": [5.25, 10.5, 6, 10.75], "texture": "#0"},
				"east": {"uv": [6.75, 10.5, 7.5, 10.75], "texture": "#0"},
				"south": {"uv": [7.5, 10.5, 8.25, 10.75], "texture": "#0"},
				"west": {"uv": [8.25, 10.5, 9, 10.75], "texture": "#0"},
				"up": {"uv": [10.25, 2.75, 9.5, 2], "texture": "#0"},
				"down": {"uv": [10.25, 2.75, 9.5, 3.5], "texture": "#0"}
			}
		}
	],
	"display": {
		"thirdperson_righthand": {
			"scale": [0.5, 0.5, 0.5]
		},
		"thirdperson_lefthand": {
			"scale": [0.5, 0.5, 0.5]
		},
		"firstperson_righthand": {
			"scale": [0.5, 0.5, 0.5]
		},
		"firstperson_lefthand": {
			"scale": [0.5, 0.5, 0.5]
		},
		"ground": {
			"translation": [0, 4.5, 0]
		},
		"gui": {
			"rotation": [90, 0, 0]
		},
		"head": {
			"translation": [0, -31, 0],
			"scale": [1.51, 1.51, 1.51]
		},
		"fixed": {
			"rotation": [-90, 0, 0]
		}
	},
	"groups": [
		{
			"name": "group",
			"origin": [0, 0, 0],
			"color": 0,
			"children": [0, 1, 2, 3, 4, 5, 6, 7, 8, 9, 10, 11, 12, 13, 14, 15, 16, 17, 18, 19, 20, 21, 22, 23, 24, 25, 26, 27, 28, 29]
		}
	]
}