{
"textures": {
    "texture": "iavegas:custom/10blackjack/gui2"
},
"elements": [ 
{
    "from": [ -16, -16, 0 ],
    "to": [ 32, 32, 0 ],
    "faces": {
        "north": {"texture": "#texture" },
        "south": {"uv": [0, 0, 16, 16], "texture": "#texture" }
    }
}
],
"display": {
    "firstperson_lefthand": {
        "rotation": [ 0, 0, 0 ],
        "translation": [ 0, 0, 0 ],
        "scale": [ 0, 0, 0 ]
    },
    "gui": {
        "rotation": [ -0.01, 0, 0 ],
        "translation": [ -72, -58.5, -10 ],
        "scale": [ 3.66, 1.94, 0]
    }
}
}