{
"textures": {
    "texture": "iavegas:custom/15dice/dice_cube_5"
},
"elements": [ 
{
    "from": [ 0, 0, 0 ],
    "to": [ 16, 16, 0 ],
    "faces": {
        "north": {"texture": "#texture" },
        "south": {"uv": [0, 0, 16, 16], "texture": "#texture" }
    }
}
],
"display": {
    "firstperson_lefthand": {
        "rotation": [ 0, 0, 0 ],
        "translation": [ 0, 0, 0 ],
        "scale": [ 0, 0, 0 ]
    },
    "gui": {
        "rotation": [ -0.01, 0, 0 ],
        "translation": [ 0, 0, 0 ],
        "scale": [ 1, 1, 0]
    }
}
}